1.445704993322979772e-03,-7.243170036357989686e-06,-5.510467924546011112e-06,1.081577242141412761e-06,-7.177610318565864705e-08,3.181906242472907012e-05,7.716018714469708058e-04,1.227464389980848934e-04,1.360989794165516934e-03,-5.858666841785559332e-06,5.898432275924269573e-05,2.243230608777157850e-06,2.069676101103324764e-06,2.016987387373354835e-04,3.836161891038666781e-06,2.402148058158289342e-05,-1.270818283390891593e-04,-8.755686194227563851e-07,3.242509588636032305e-07,-1.610266892093522424e-06,1.251967513449286515e-05,4.844209533211068299e-05,5.039210876610684562e-04,-1.607429051384601714e-03,9.965849740768798230e-05,-1.926597957181842196e-03,2.061480737769385841e-05,1.602936558661002000e-07,-7.556375274270712311e-05,-5.273092406041510367e-03,-5.795114554428580574e-05,-4.087763397782312631e-03,2.623136283967796739e-05,-2.731131354835125507e-04,1.654765570983969599e-07,-1.404513851509887464e-05,-6.461823116238475228e-04,-4.093616000292871204e-04,2.577205213748653924e-04,5.315811352206532966e-04,2.918111198287701332e-06,-1.856411161978320157e-06,1.334828241409078959e-04,-2.104400456614235264e-05,-4.790466571114488661e-04,5.469071458512480416e-03
-7.243170036358838413e-06,8.077622995156094263e-03,-9.130328393869157233e-05,2.836967322831312707e-04,6.515550424806752167e-07,-5.311693953129560853e-05,-7.470950701474411888e-05,1.750434991598783484e-03,4.337749175930241848e-03,-1.112889662296026073e-02,-2.425129788530106352e-05,2.104027602008857166e-04,4.220085390647772038e-06,-1.503309284050032718e-04,1.767855887021743390e-05,1.264736416726159956e-04,-9.607787231722227572e-04,1.377099296474747041e-06,1.807649084963084325e-06,1.788185399324056173e-05,-7.272204765001235964e-03,3.748771062410937040e-05,8.467665945859688403e-03,1.213047212773209942e-03,-1.019756557288710105e-02,1.725994658116117276e-04,-1.626001494014657272e-03,1.115287445192495251e-06,5.741596566593319207e-04,-2.964811538588097654e-03,3.364316428277890764e-02,-5.020937505355473236e-03,2.947683484609104568e-03,1.224506243738201648e-04,1.603089310746576507e-04,4.932216961156302127e-05,5.112240378257289957e-04,3.637898130491811453e-03,2.420188752421888450e-03,1.912726880196679224e-03,7.602937375729300694e-06,9.465475281448592521e-07,9.899774066212145215e-04,3.876764825692541674e-03,9.178510804382248927e-04,-2.632074517587473794e-01
-5.510467924575479389e-06,-9.130328393879328405e-05,9.122139754556747582e-02,4.070634770869120520e-05,1.401986240987712562e-06,2.079948745843307120e-04,9.817037318375299026e-03,2.171989205674702134e-03,2.494553105431913595e-02,-1.627461974695417119e-04,-2.001193576239752056e-04,1.988216126327294850e-05,3.421466629146321372e-05,1.825268501062811150e-03,4.694073765467446585e-05,4.928991807130469419e-04,-2.074777147904302826e-03,5.300023313999370389e-06,-4.364159615334333444e-06,6.456888883949280997e-04,1.684532429698405308e-04,3.153449987630726342e-03,2.993346790500192676e-03,-1.876505367179508166e-02,2.292446499212411493e-03,-2.822130688521028163e-02,-5.912857666451616211e-04,5.000388489213893265e-06,-5.209220797697340557e-04,-1.530606628869007613e-01,-4.838208519134078699e-03,2.119316945226182997e-02,-6.293610722036078325e-04,5.185571173162806073e-04,3.382230648991717391e-06,4.980077092941041545e-05,-3.509028077386309140e-03,-9.999484613059338427e-04,-3.113113345998548640e-03,-1.236640615973796410e-02,-1.123840204480245128e-04,-4.801792496769741078e-05,2.337428193976383902e-03,-8.644949814976068427e-05,-5.355651325007699387e-02,9.436715293829552043e-02
1.081577242141554004e-06,2.836967322831318670e-04,4.070634770869727674e-05,7.159416191710172087e-03,2.284547194200458120e-07,9.955805169828090374e-07,9.596092911539190560e-05,1.614600236797664428e-04,-2.468181459975378922e-04,-8.464615023894247244e-04,-5.951281737694875398e-05,-1.530801759236138119e-06,2.677563615908582424e-06,6.354146408973258223e-04,1.005911839401813098e-04,6.717106559557419040e-05,1.717448021811477212e-04,2.820876118563865960e-06,6.979358867805703261e-06,8.711737038180338241e-06,-1.376380740449878188e-04,1.215627398137930442e-04,5.153279527926284478e-03,2.105658435849339636e-04,-5.203671870045403118e-04,1.459854678485447146e-04,-5.142178864389366361e-03,5.057659537228950201e-07,6.235688094265318668e-05,2.479874411724128282e-03,1.784368839999995494e-03,1.231883119870512411e-03,2.645125924501846187e-04,1.488449324275812995e-04,1.333496582934165566e-05,1.228577445781527276e-05,1.115661345895920626e-03,-8.981664893297658381e-03,5.404149045756414084e-04,7.193491353392388260e-04,1.809701622748550087e-05,7.564899283199208838e-06,2.161042732178013865e-04,-1.592036194368389888e-03,-7.091796129151749879e-04,3.990280733889341180e-02
-7.177610318601130392e-08,6.515550424807203212e-07,1.401986241015049491e-06,2.284547194200437739e-07,1.821150590434927749e-07,6.910345092188653321e-07,-5.161409029235939834e-07,3.694190520197364237e-06,-1.352345854094228619e-05,-3.656403100122505178e-06,-6.526322062696937517e-07,-1.160171844197124139e-07,5.503933569291194576e-08,2.620391687963554140e-06,1.041837667339709364e-07,9.556595193939493307e-07,3.611897744198765557e-07,1.504891064662117574e-08,4.626894201230149123e-09,-1.569487096052585666e-06,7.632960401264881123e-08,2.306920429692378900e-06,1.293382540994931800e-05,-6.108528036333147053e-06,-1.263436255856149435e-05,-1.048265856802071173e-05,-1.100282579522341807e-06,-1.129749615287203595e-08,-1.999870045223675333e-06,2.045264792187775413e-05,2.041973072809519804e-06,-8.069898914928672203e-05,9.591974939204898605e-06,7.675657663940569628e-07,5.099219259000764773e-08,-2.723773970882327108e-07,-1.147214576740440776e-06,-1.947158380910509146e-06,-6.683370044107520249e-06,3.473461788233598381e-05,5.544947306977655519e-09,6.793304685879866834e-09,5.381015677161699047e-07,-3.281413092391995194e-07,5.536602981617191589e-06,-1.084426767409874161e-04
3.181906242472768098e-05,-5.311693953129364342e-05,2.079948745842779656e-04,9.955805169830858054e-07,6.910345092187995812e-07,7.233595258758593327e-02,8.510596636485153257e-03,6.861363903242189690e-04,3.196625330089026412e-02,7.534217515690672844e-04,-5.103863017017386131e-04,1.353330561202960324e-04,-2.425276146890306098e-04,1.557512371294536178e-03,8.648790493536370467e-05,1.559158424259763113e-03,-9.547400704532253224e-04,1.819608878049060202e-05,-6.047877169198299542e-07,5.894066713914944709e-05,1.583619175589780320e-06,7.387662102352266988e-03,1.263306230898004340e-02,8.106743944394049367e-05,2.792218334804790619e-03,7.821696108585815847e-04,-4.284358477050717877e-04,4.526106752940366335e-06,-1.001471530769948437e-01,-9.961521537181381933e-03,5.391871158401249919e-03,-3.658889985187364219e-02,-5.257447162621180572e-03,2.968284545259522282e-03,2.262356157202193016e-05,-6.830882230460737226e-03,1.844087934290282622e-03,-8.187331902793524782e-04,-1.620288959532604350e-02,7.670012387797476780e-03,1.587474064746126321e-06,1.362466975509111941e-05,3.071555832893887224e-04,1.949368623883157526e-04,-4.099669231998805813e-02,7.784144955886178330e-02
7.716018714469695047e-04,-7.470950701476393268e-05,9.817037318374939939e-03,9.596092911537890873e-05,-5.161409029234854573e-07,8.510596636485116828e-03,9.356159472309204972e+00,-4.638859989775435608e-03,5.619826447615705600e-01,-6.849831077064583683e-03,3.197413099304211720e-02,3.798743334633956112e-04,4.255885892102544447e-04,-3.147240086868642595e-02,1.138411297403946394e-04,6.048854161557160047e-02,1.771366832341640662e-02,-3.446710539529441921e-03,7.105339599783362901e-06,-1.490016280460069141e-02,1.641960356382384141e-03,1.623846531163095630e-01,-7.044384023056193822e-02,2.659168839113786389e-02,8.164079278290752723e-03,-7.338760321577289698e-03,3.230594343729538583e-03,7.679923688254063617e-06,4.421718046716056894e-02,-1.544528430498777816e+01,3.360529311010921477e-02,-1.853702347182218935e+00,-1.757798538499698044e-03,-5.740644585208093398e-01,1.412637423071939902e-04,2.277282013430352581e-02,6.513521866533109788e-04,-2.913393966543012872e-02,1.395827252321460085e-02,4.774774138545713753e-01,-2.778469635512874087e-03,7.588360082620873408e-04,8.954377114075970368e-03,4.153532984662652340e-03,-1.067392975142979239e+01,1.004704329193429002e+00
1.227464389980771956e-04,1.750434991598624540e-03,2.171989205675092013e-03,1.614600236797706441e-04,3.694190520197398118e-06,6.861363903242606024e-04,-4.638859989775676734e-03,8.289307980144892118e-01,4.193007789269486037e-03,1.366453392971493479e-02,-1.712234507518950021e-03,-9.104723996637430249e-04,1.660963968221185303e-04,7.605180182747492065e-03,8.415142437294072285e-04,1.516479812061411869e-03,-1.285808483114712181e-04,5.030006591069322697e-05,1.054962680972618921e-06,5.710881695220932806e-04,-1.218452597079860110e-02,5.369829248611471696e-04,7.457359351507465706e-03,-1.275326631042303545e-02,-5.632629454623232224e-02,1.175450736383412166e-02,9.592204275184089066e-03,4.594505464911252585e-06,-1.151063914623321437e-03,3.233474513860942756e-02,-1.303137085311957488e+00,-1.189568397047934267e-01,3.715308614982043567e-02,5.363337138968153964e-03,-2.096820598537920506e-04,-4.306271040607548002e-04,2.623332953676877494e-02,2.191493701227423263e-02,7.941556439495968053e-03,1.476443231545391740e-02,8.715435985608539987e-05,6.457153210438896813e-05,-8.585442270746992954e-03,6.381296780770193133e-03,2.612827514428545106e-02,-9.637875842595992282e+00
1.360989794165522355e-03,4.337749175930260062e-03,2.494553105431567691e-02,-2.468181459974693164e-04,-1.352345854094318235e-05,3.196625330088662120e-02,5.619826447615439147e-01,4.193007789270645699e-03,7.399259610918666397e+01,-3.369147689691787129e-02,1.255997238919266124e-01,6.205423246586019457e-04,1.994475649911649998e-03,-9.280577351896563965e-01,5.990220838701448228e-04,-2.874458703787581906e-02,-3.947577223706994154e+00,-1.839923258881968416e-03,7.953266650181512051e-05,4.242583096858572600e-01,-1.153424018462725822e-03,1.645165714119632694e-01,-1.446972208879546563e-04,-1.030029872273365704e-01,-5.102553213227778439e-02,-3.457854738740302469e-01,1.463462598806070623e-02,-5.639912499063330555e-04,-2.551594471275723391e-02,-1.890492902487471927e+00,5.683628367799492542e-01,-4.875028659504440043e+01,9.710639347823273038e-02,-5.527772800403756293e-01,7.246089021236280358e-04,-1.755427005077358008e-02,-1.431702955442102354e+00,-1.256201744182592894e-01,-2.035928719577728419e-01,-8.943437724686939205e+00,1.935918160529584865e-03,-5.228920835367762993e-04,1.389036541386683421e-01,2.803089826041620016e-03,-9.740223178632940737e-01,2.048110402377040451e+00
-5.858666841766903432e-06,-1.112889662296031104e-02,-1.627461974693157100e-04,-8.464615023894299286e-04,-3.656403100122622915e-06,7.534217515690202300e-04,-6.849831077065651405e-03,1.366453392971531990e-02,-3.369147689689375863e-02,5.704361369687628303e-01,1.089881946673250867e-03,-1.268126303872271592e-02,7.102463016787570243e-05,-1.965521556399290812e-02,-4.134709367616313559e-05,5.473716977523555155e-03,-9.801789029393328037e-03,-2.631019998148589699e-05,-2.240066980210312037e-05,-2.038903084608949083e-03,-9.821713386262809209e-02,7.883868044768259017e-03,1.538593316908137831e-01,2.411418943596977706e-03,-7.463335618592137344e-03,-3.465224644839209195e-03,6.838088149563735507e-02,-2.202706731532795814e-05,-1.322278191293627288e-02,-4.815314042907942182e-02,8.638093174082345227e-01,-1.684605350890516773e-01,-7.352762235826029724e-02,2.645961250788887113e-03,-8.173245019111742560e-03,-1.720889632779671512e-03,1.486546091715048798e-03,-1.292649955193054534e-01,-4.371367423363863719e-02,9.106540149620047375e-02,-2.253409531587914042e-04,-7.033477336807158987e-05,1.329235781707258958e-02,4.944377168471803669e-02,-5.129115332421666645e-03,-1.292507427293560607e+00
5.898432275924200455e-05,-2.425129788530642016e-05,-2.001193576238910986e-04,-5.951281737694911990e-05,-6.526322062694610294e-07,-5.103863017017509730e-04,3.197413099304052819e-02,-1.712234507518283237e-03,1.255997238919223657e-01,1.089881946673188200e-03,1.531308927815383525e-01,4.467738247230083236e-05,-3.007194509293719320e-04,-2.246191388885710773e-03,-5.323877853051077095e-05,4.228448515456287131e-03,2.626191037875969664e-03,-2.696244844951708412e-03,7.601008186392817874e-06,-2.617444998570252115e-03,-2.790309917977585479e-04,2.350998278005804118e-03,-6.300579313478709732e-03,-5.837992416900581296e-04,2.415517801016530720e-03,-2.006627044308527581e-04,1.909922273423565568e-03,1.755641567944063625e-06,6.400698647314368578e-03,4.385998637826887814e-01,1.894672177718379966e-02,-2.087346168523422085e-01,-2.847733528560524204e-03,-2.521340279879676904e-01,-1.525696117081474592e-05,1.253280448715940985e-03,8.388587618714435888e-04,9.388807024870543874e-03,5.640315451899268785e-03,8.575371949790289161e-02,5.853718384374723398e-04,1.207989441053836923e-04,1.611348381193444075e-03,2.792249270574636818e-04,-2.300701594266757466e-02,4.432129334297121859e-01
2.243230608777901968e-06,2.104027602008856081e-04,1.988216126321321574e-05,-1.530801759235990947e-06,-1.160171844196869499e-07,1.353330561202965474e-04,3.798743334634314983e-04,-9.104723996637124504e-04,6.205423246577340419e-04,-1.268126303872272286e-02,4.467738247230088657e-05,3.548983971036573110e-03,8.824416178556691845e-06,7.951091573134962207e-04,5.478436749109671430e-06,-8.162975001992121089e-05,-2.784169662801559047e-04,3.089162364401887231e-07,-2.490114135641926691e-06,1.451674050575247948e-04,2.247636242763880084e-03,6.350332555998194298e-04,-2.519529947868148941e-03,-4.151586632953267568e-04,6.437219493005199265e-03,1.262347019542419740e-05,-2.376134940471548093e-03,1.226633921838158109e-06,-5.100458820202217114e-04,2.772969344800760554e-03,-1.766572423905305236e-02,-2.003830754867468294e-03,-1.689193771926978185e-02,-8.962716663753212678e-04,8.070328638301792971e-05,-6.154582746971439802e-04,2.042428688307519049e-05,3.355236692295996293e-03,-3.881044566698224965e-03,-3.072939436446113417e-03,1.751315135823682982e-05,-1.691194314158590532e-06,-4.245214304381549238e-04,-1.334404922500638134e-03,1.828273814670372446e-03,-8.016612928846915398e-02
2.069676101103304435e-06,4.220085390648290422e-06,3.421466629146385069e-05,2.677563615908694233e-06,5.503933569291665738e-08,-2.425276146890305556e-04,4.255885892101832668e-04,1.660963968220927533e-04,1.994475649911351626e-03,7.102463016788910588e-05,-3.007194509293724199e-04,8.824416178556500416e-06,1.050385775487930632e-03,8.662396163289600749e-05,7.656958377955995918e-06,3.896683434903416626e-04,7.455035451347245968e-06,5.736259395689332159e-06,6.106042368196460050e-08,-1.434801958587749807e-05,-1.497289529585251644e-05,9.708658285920234539e-04,3.297139663687830425e-04,-6.525066609845758060e-06,-1.329271312358858159e-04,-1.446820585750816966e-04,1.757783020641401971e-05,-1.625742451045351674e-07,-6.885086693976410523e-04,4.506865681442934397e-04,-3.280880857354038366e-04,-4.249156014701022110e-03,1.267748378768689230e-04,-4.235052127754769438e-04,-7.835450464135134654e-07,-7.640250532722863124e-04,5.777233953144191774e-05,-2.476747031657183340e-04,-9.437959472195895337e-04,7.103328333459012255e-04,-4.630459269411241950e-05,1.960811418125221171e-06,2.213202068413719741e-05,1.970530170265655945e-05,-2.561444041526060762e-03,1.351146689122725841e-02
2.016987387373339656e-04,-1.503309284050120809e-04,1.825268501063030376e-03,6.354146408973245213e-04,2.620391687964383809e-06,1.557512371294595159e-03,-3.147240086868635656e-02,7.605180182747182417e-03,-9.280577351896552862e-01,-1.965521556399257158e-02,-2.246191388885715977e-03,7.951091573134867882e-04,8.662396163289455737e-05,2.407660169454253651e+00,9.559994210942729690e-04,-5.634572679094152457e-03,5.785565437875937744e-02,8.998125895664718654e-05,3.870902252989988163e-06,-4.069026658501410411e-03,5.464015630686088441e-03,3.323359136211365833e-02,1.295883896062239304e-01,-5.000139534439057044e-03,2.979620024701281483e-03,-4.091403809220796675e-03,-7.349083942650177712e-03,-3.629492289419337659e-06,-8.493104907705665858e-04,-3.620623436599039735e-01,-2.044008674210663901e-01,-2.587155238594354700e-01,-8.190605607477285596e-04,9.997299977997416848e-03,2.545476521488628939e-04,-6.771453655866321300e-04,-1.796799032800509011e+00,2.263375671986257720e-02,-1.455501318844614478e-01,7.860300387462522409e-02,-1.301278282400825928e-04,4.339810462340826474e-05,-7.751734457798817443e-04,-8.295172904545915563e-03,-1.450989799383867879e-02,-3.560652225587516373e+00
3.836161891038992042e-06,1.767855887021757620e-05,4.694073765467313771e-05,1.005911839401814047e-04,1.041837667339808494e-07,8.648790493536347428e-05,1.138411297403460400e-04,8.415142437294046264e-04,5.990220838700298974e-04,-4.134709367616006594e-05,-5.323877853051035082e-05,5.478436749109496094e-06,7.656958377955923073e-06,9.559994210942728606e-04,7.456544743860555463e-03,1.001255610002888203e-04,1.631412827596526898e-04,2.891755483331594739e-06,6.139793263340368206e-06,1.705672285446827263e-05,2.166536479787079498e-05,3.711925855916014746e-04,7.495957203580014966e-03,-1.764576123845639988e-05,-7.782580847243797081e-05,1.532761820792817337e-04,3.796615552780970991e-04,7.160073956681851604e-07,-1.139006969007581475e-04,4.056278428142504923e-03,-2.481242214381471599e-03,9.350334991307573864e-04,8.298278285818638420e-05,2.551183795998104398e-04,1.692697459648956308e-06,-9.030094363815747085e-06,-7.376258391090382205e-04,-2.505163269780532123e-02,2.232266717384912003e-04,-2.355258290009483788e-05,-1.656694137678610745e-05,-1.335432769293370417e-05,1.754943854207573456e-04,5.617165832867891895e-05,5.567750438128983180e-04,-3.106968407389008591e-01
2.402148058157943075e-05,1.264736416726156703e-04,4.928991807130562661e-04,6.717106559557417685e-05,9.556595193940746916e-07,1.559158424259752705e-03,6.048854161557118414e-02,1.516479812061458056e-03,-2.874458703787521885e-02,5.473716977523569900e-03,4.228448515456293202e-03,-8.162975001992145484e-05,3.896683434903431805e-04,-5.634572679094147253e-03,1.001255610002885221e-04,2.029888938834276957e-01,4.772751553384239030e-03,-8.344753810813434786e-05,3.147733694691654907e-06,-3.700519578954931943e-03,-1.336912051508360941e-03,-4.555859251741684046e-02,5.413325765102900387e-03,1.690857351424670651e-03,-1.385463269644295363e-03,3.358789802169199167e-03,1.627877470913506770e-03,4.385136008835712268e-06,-3.326131219950849427e-02,-1.739082429888923545e-02,2.072871900191025282e-02,-1.270523489785697346e-01,1.859019331857228279e-03,-1.468473460558749819e-02,-5.313479735812992453e-05,-2.701395008318817088e-03,1.297576285751014628e-02,-5.701535360805874524e-03,-2.090703519412383249e-01,7.194476685723176501e-02,-1.621038979342865531e-04,2.219314524962353937e-05,2.812155169152136952e-03,-3.423909367329397847e-04,-1.501653073239131442e-01,2.705811333770008487e-01
-1.270818283390816241e-04,-9.607787231722179867e-04,-2.074777147904242978e-03,1.717448021811423273e-04,3.611897744187157500e-07,-9.547400704531585356e-04,1.771366832341712133e-02,-1.285808483112510980e-04,-3.947577223706978167e+00,-9.801789029392493635e-03,2.626191037875798360e-03,-2.784169662801902197e-04,7.455035451335677192e-06,5.785565437875928030e-02,1.631412827596440433e-04,4.772751553384160100e-03,1.475277895055044919e+00,-6.998154696346846099e-05,-1.227241446034137117e-05,-1.282112823600974061e-02,4.392750486601770116e-03,-3.154969152777102256e-03,8.814446972098734234e-02,8.132411734465706116e-03,4.400361022263085675e-03,7.962771657749927179e-02,-1.550388962943477326e-03,8.270847039632359956e-05,3.791659324369539216e-03,-6.956911938291557296e-02,-1.437243367472335331e-01,1.137298756505828123e+00,3.178951427143199889e-03,-3.444132668658529510e-03,1.493452554501866934e-04,7.776024435868992678e-04,8.758406805578286547e-02,-1.461648247226971647e-02,8.549217407941943694e-03,-1.634198073831622189e+00,-1.154903952309020769e-04,8.427558098831738074e-05,-1.343998049949181595e-01,8.374006592081109483e-05,-5.835973306469766086e-02,6.279832494753735395e-01
-8.755686194227951368e-07,1.377099296474751065e-06,5.300023314000483390e-06,2.820876118563854101e-06,1.504891064661647074e-08,1.819608878049041228e-05,-3.446710539529472712e-03,5.030006591069668964e-05,-1.839923258881942612e-03,-2.631019998148543621e-05,-2.696244844951706243e-03,3.089162364401989933e-07,5.736259395689299972e-06,8.998125895664737628e-05,2.891755483331586692e-06,-8.344753810813541851e-05,-6.998154696347213372e-05,9.378666439842753657e-05,-1.598807274870798011e-07,3.912440120560019589e-05,6.121319388121695527e-06,-3.196892287746755594e-06,3.050570266076010136e-04,2.432994494008529934e-05,-4.600956100283490482e-05,2.181368591377881130e-05,-4.634210295597273129e-05,-6.290331013367849199e-09,-1.477353999954481619e-04,-1.110598102878740390e-02,-4.055666554684613000e-04,1.684084402560812781e-03,5.059589963975870479e-05,4.059035715490200841e-03,4.078900705239887399e-07,-3.279018067364088671e-05,-3.248296416333146795e-05,-2.640411992750346941e-04,-1.801006205346756866e-04,-1.212173813799137436e-03,-2.999474485699750011e-05,-3.763661100314662562e-06,-2.273399271013535117e-05,-6.511420629946324910e-06,3.615618550584003867e-03,-1.136200682411941769e-02
3.242509588635989954e-07,1.807649084963099360e-06,-4.364159615334511321e-06,6.979358867805704108e-06,4.626894201229780200e-09,-6.047877169198346128e-07,7.105339599788459498e-06,1.054962680972224416e-06,7.953266650183837664e-05,-2.240066980210289336e-05,7.601008186392778063e-06,-2.490114135641934314e-06,6.106042368197112530e-08,3.870902252989766240e-06,6.139793263340361430e-06,3.147733694691605356e-06,-1.227241446034189633e-05,-1.598807274870774452e-07,2.552218509051952099e-05,-1.205186042976269737e-06,3.014228706602882506e-06,-3.567497626408987384e-04,1.082848616003704721e-04,-6.729804049774940385e-06,-1.806109404378103495e-05,-8.552174645505130081e-06,-5.701044728580478041e-05,1.097391407579896534e-08,1.906835089689462774e-05,-5.533113740573352519e-04,1.381997735342167009e-05,-6.021657293197685913e-05,3.273078962527961155e-05,-9.843872072566771993e-06,3.996067303426090109e-07,1.983451419574154721e-06,3.960950465927072533e-05,-5.618134383506954597e-04,1.169119875952738091e-04,4.913153947161335791e-05,-3.347991217217357309e-06,-1.545924619982639681e-06,3.180691877619663855e-06,2.006247142169008713e-07,6.065284247473055283e-04,2.796661675888247045e-03
-1.610266892089329187e-06,1.788185399324206267e-05,6.456888883949510848e-04,8.711737038182838682e-06,-1.569487096052870904e-06,5.894066713917253382e-05,-1.490016280460083886e-02,5.710881695220268190e-04,4.242583096858588698e-01,-2.038903084609035819e-03,-2.617444998570230431e-03,1.451674050575302158e-04,-1.434801958588091669e-05,-4.069026658501426891e-03,1.705672285446826586e-05,-3.700519578954961433e-03,-1.282112823601017602e-02,3.912440120559903715e-05,-1.205186042976179316e-06,2.870688804309920114e-02,3.991378282205114707e-04,9.868467868734413957e-04,4.926425453617510643e-03,-4.065424812372056551e-03,8.670534341548144291e-04,-1.030675788157593004e-02,-1.552112715408825682e-04,-1.232504459074837046e-05,-2.259412764142698746e-04,7.745502006122670369e-02,-1.125015037482732065e-02,1.529340816834106720e+00,2.507213329994963319e-04,9.361414357096113290e-03,2.924385485387434477e-05,-7.349014905309499688e-05,-1.454169315383513697e-02,3.352434204003656906e-03,-1.684935518905419536e-03,-6.431918663467937058e-01,8.662166098601101479e-06,-8.085283185123625942e-07,-1.537331281158585243e-02,-2.472292997439639846e-04,2.455135060787454540e-02,-2.304399571547057768e-01
1.251967513449353261e-05,-7.272204765001233362e-03,1.684532429697095050e-04,-1.376380740449859215e-04,7.632960401272230458e-08,1.583619175604468295e-06,1.641960356382610956e-03,-1.218452597079854559e-02,-1.153424018466556742e-03,-9.821713386262803658e-02,-2.790309917977711789e-04,2.247636242763878349e-03,-1.497289529584861332e-05,5.464015630686130942e-03,2.166536479787114735e-05,-1.336912051508357688e-03,4.392750486602011242e-03,6.121319388121979283e-06,3.014228706602962551e-06,3.991378282205009539e-04,3.214842964989821084e-02,-1.481148379731926298e-03,-4.861660487998082508e-02,-1.963646933719275390e-03,1.439775764814739921e-02,1.382559854797979796e-03,-1.425201727354117633e-02,3.180302918975029433e-06,1.766358257563102130e-03,1.353546884696064413e-02,-2.438514542532782547e-01,3.639338926145416209e-02,1.037459647969144437e-02,-5.124744288876017162e-04,1.406639549707966105e-03,2.738605956376620335e-04,2.574801512643750843e-04,2.860220523224419817e-02,6.678577128710960938e-03,-2.163172621455045075e-02,4.718524197645381733e-05,1.628283557364417825e-05,-4.806971088588476125e-03,-1.656483238721809248e-02,-1.148358743048725128e-03,-5.846851867307237965e-02
4.844209533211285817e-05,3.748771062411812533e-05,3.153449987630937545e-03,1.215627398137882737e-04,2.306920429692675362e-06,7.387662102352312958e-03,1.623846531163136986e-01,5.369829248608402319e-04,1.645165714119682654e-01,7.883868044768344019e-03,2.350998278006070832e-03,6.350332555998206225e-04,9.708658285919858320e-04,3.323359136211362364e-02,3.711925855915790859e-04,-4.555859251741681964e-02,-3.154969152776982561e-03,-3.196892287769387044e-06,-3.567497626409012320e-04,9.868467868734698018e-04,-1.481148379731993953e-03,2.004380630821760878e+00,3.640715634452421773e-02,1.494851455883270102e-03,-6.426113992215653180e-03,-1.515177063662160109e-02,3.508165982741391024e-03,3.823926175900245792e-06,-6.241344759614746857e-02,-6.279358803089817309e-01,-4.924953621163425527e-03,1.430774416873696608e-01,1.548915340045822417e-02,1.655894227167276512e-03,-5.955055744498660507e-05,-2.972419207432356898e-03,-1.260321511777165102e-02,-2.582317586890525707e-02,-6.309910718413993536e-01,3.257945319594673234e-02,-1.648316846317983777e-04,2.136421512630593954e-04,5.675816414690547720e-03,1.615776264654095705e-03,-4.532380526032445900e+00,3.260535201612515532e-01
5.039210876610710583e-04,8.467665945859795956e-03,2.993346790499819710e-03,5.153279527925932330e-03,1.293382540994805761e-05,1.263306230898005728e-02,-7.044384023056624033e-02,7.457359351509535231e-03,-1.446972208836136734e-04,1.538593316908182240e-01,-6.300579313478689783e-03,-2.519529947868129859e-03,3.297139663685068963e-04,1.295883896062228757e-01,7.495957203580042721e-03,5.413325765103012277e-03,8.814446972098780031e-02,3.050570266075850758e-04,1.082848616003630589e-04,4.926425453617271251e-03,-4.861660487998382962e-02,3.640715634451897886e-02,2.993414798086273265e+01,1.510059936360396045e-02,-1.411100950310207951e-04,5.571079699373326921e-02,4.506759872660103666e-02,5.630121313195110203e-05,-8.109107394581487049e-02,-1.677488184805960096e-05,-3.344010184301657862e-01,-9.367556159583072251e-02,-2.799991512064597260e-02,2.374689408079057318e-02,-2.078769191882672354e-03,-1.644377927095831780e-03,3.692232837168661630e-02,-4.495613992470426368e-01,3.809563435284583910e-02,-2.909389018976906716e-01,3.343778740680901644e-04,2.256125332916372305e-04,-4.106271170345063282e-02,-4.278933722686370511e-02,-1.615673133118192273e-02,-1.325436495397340479e+02
-1.607429051384604317e-03,1.213047212773218399e-03,-1.876505367179530023e-02,2.105658435849310634e-04,-6.108528036334382027e-06,8.106743944391626175e-05,2.659168839113760716e-02,-1.275326631042300596e-02,-1.030029872273387215e-01,2.411418943597120820e-03,-5.837992416900585632e-04,-4.151586632953394420e-04,-6.525066609845708085e-06,-5.000139534439040565e-03,-1.764576123845660994e-05,1.690857351424668916e-03,8.132411734465869180e-03,2.432994494008546536e-05,-6.729804049774999678e-06,-4.065424812372075633e-03,-1.963646933719324830e-03,1.494851455883222180e-03,1.510059936360342442e-02,1.498802152300664214e-01,-2.488597118836638131e-02,-5.073504714990235975e-02,3.122485146063032693e-03,-1.290379108521650731e-05,-2.143352470679641374e-03,-5.385939785437359184e-01,1.127553768364312169e-02,-2.562693237068964236e-01,7.126053594681566392e-03,2.039631370633625002e-03,-3.713274860313360044e-05,-1.449100591929663041e-04,-4.188602591556814421e-03,-1.423033179906199944e-02,-4.053367727297887274e-02,7.175971375520363849e-02,-5.083496535371893394e-05,-7.122708759347530711e-05,4.927817050443108809e-04,-6.051791793577488820e-04,-1.108979075862800839e-01,-1.783427788547826021e+00
9.965849740771823154e-05,-1.019756557288710452e-02,2.292446499212906757e-03,-5.203671870045390108e-04,-1.263436255856028987e-05,2.792218334804807967e-03,8.164079278291172526e-03,-5.632629454623235693e-02,-5.102553213228065709e-02,-7.463335618592172906e-03,2.415517801016539828e-03,6.437219493005202735e-03,-1.329271312358852196e-04,2.979620024701287988e-03,-7.782580847243600569e-05,-1.385463269644277148e-03,4.400361022263032766e-03,-4.600956100283485738e-05,-1.806109404378076390e-05,8.670534341547619537e-04,1.439775764814739747e-02,-6.426113992215883898e-03,-1.411100950311868949e-04,-2.488597118836616273e-02,2.379579490823354460e-01,-1.164570168844164359e-02,-3.317193712860643656e-02,-1.473513495853054050e-05,-1.156767507076783552e-02,-2.061184753620172797e-02,-4.955306353583798645e-02,6.615508157441407633e-02,-2.764050053956805253e-01,-1.564303752663883176e-02,2.490702763436943457e-04,-1.109470588978416373e-03,-6.213770613028141675e-03,5.110878033850035224e-02,-2.601428410567004079e-02,-2.679544276055769933e-02,1.842419436887574545e-04,-1.948307549447645699e-05,-6.015675374708087317e-03,-1.484647410293928917e-02,5.816886398044429293e-03,-3.446368367015261391e+00
-1.926597957181841979e-03,1.725994658116400795e-04,-2.822130688520897712e-02,1.459854678485394562e-04,-1.048265856802499263e-05,7.821696108585765974e-04,-7.338760321577435415e-03,1.175450736383344338e-02,-3.457854738740357980e-01,-3.465224644838890439e-03,-2.006627044309007883e-04,1.262347019540655878e-05,-1.446820585750821573e-04,-4.091403809220487894e-03,1.532761820792800803e-04,3.358789802169198299e-03,7.962771657749904974e-02,2.181368591378038678e-05,-8.552174645505341839e-06,-1.030675788157602718e-02,1.382559854797901300e-03,-1.515177063662139639e-02,5.571079699373596150e-02,-5.073504714990255404e-02,-1.164570168844195758e-02,8.386922271225198955e-01,-4.671079476788050845e-04,-1.415333363155400889e-04,-1.365207329614585852e-02,-3.686353089208741496e-01,-2.516865106918035697e-03,-5.760257875596059840e-01,-4.616433134362204170e-03,1.447879007542356936e-03,6.561270730159857829e-05,-1.709646449032564382e-03,-2.384904826531460131e-02,-3.153106602937334052e-02,-1.309327013020613641e-02,1.393688627725397089e-01,-2.717978835102563833e-04,-1.310898710775874258e-04,-7.120284393971856862e-02,-1.345318644370385416e-04,7.117775197762749983e-04,-3.196604199990253636e-02
2.061480737769767684e-05,-1.626001494014658790e-03,-5.912857666450992795e-04,-5.142178864389368963e-03,-1.100282579522323808e-06,-4.284358477050831176e-04,3.230594343729569374e-03,9.592204275183847939e-03,1.463462598806411670e-02,6.838088149563735507e-02,1.909922273423569905e-03,-2.376134940471546358e-03,1.757783020641199361e-05,-7.349083942650180314e-03,3.796615552780960691e-04,1.627877470913503734e-03,-1.550388962943604612e-03,-4.634210295597286004e-05,-5.701044728580487527e-05,-1.552112715408611281e-04,-1.425201727354117286e-02,3.508165982741424417e-03,4.506759872659975297e-02,3.122485146062921671e-03,-3.317193712860638105e-02,-4.671079476788792982e-04,1.301753181683602822e-01,-9.715492896154193927e-06,-1.016039581578766530e-03,-4.979771090101797575e-03,6.107149283404789825e-02,-3.237117976806641595e-02,2.800398442570945987e-02,-2.034400975509961015e-03,-9.956054698637690874e-04,-2.107029553101604077e-04,5.136635891865934042e-03,-2.226431304598854022e-01,-1.155241127483159352e-02,1.052452273865780129e-02,-2.946967778544466515e-04,-9.064559603118158742e-05,3.180723178719095396e-03,4.401005954657862679e-03,-2.687213631423347130e-03,1.829306365385029443e+00
1.602936558660774360e-07,1.115287445192748514e-06,5.000388489213609509e-06,5.057659537229676532e-07,-1.129749615287044776e-08,4.526106752940357865e-06,7.679923688240380646e-06,4.594505464879702302e-06,-5.639912499057672104e-04,-2.202706731533559837e-05,1.755641567943885325e-06,1.226633921838264200e-06,-1.625742451045261148e-07,-3.629492289416246836e-06,7.160073956681634552e-07,4.385136008834559456e-06,8.270847039635233092e-05,-6.290331013362190456e-09,1.097391407580103991e-08,-1.232504459074026774e-05,3.180302918976830648e-06,3.823926175893566937e-06,5.630121313195969433e-05,-1.290379108521933640e-05,-1.473513495853184323e-05,-1.415333363155380831e-04,-9.715492896153982169e-06,6.356599362201612753e-06,-2.116666164891011312e-05,-8.044243980701578452e-05,-4.995161704267893186e-05,-9.466367979007299111e-04,-3.301708052899104707e-05,-7.501546619492397093e-06,3.480397777366647892e-07,-4.974183567461003775e-07,-2.853491544636121771e-05,-1.620304319323135096e-05,-7.263405322820576111e-05,1.898917155378801967e-04,1.207355915381600556e-07,-1.419854012628939692e-07,-5.537538948024548375e-05,-3.651028501152809626e-06,-5.082940667605795906e-05,-1.740571975046165771e-03
-7.556375274270403313e-05,5.741596566593296438e-04,-5.209220797698198161e-04,6.235688094265359326e-05,-1.999870045222706328e-06,-1.001471530769948298e-01,4.421718046716068690e-02,-1.151063914623206078e-03,-2.551594471275536735e-02,-1.322278191293623818e-02,6.400698647314365108e-03,-5.100458820202213861e-04,-6.885086693976382333e-04,-8.493104907706230727e-04,-1.139006969007573886e-04,-3.326131219950851509e-02,3.791659324369345795e-03,-1.477353999954479993e-04,1.906835089689467517e-05,-2.259412764142679773e-04,1.766358257563103214e-03,-6.241344759614723958e-02,-8.109107394581410722e-02,-2.143352470679702523e-03,-1.156767507076778001e-02,-1.365207329614578392e-02,-1.016039581578781058e-03,-2.116666164891078735e-05,6.348144716908487029e-01,-6.239712279291306091e-02,-7.105906819484500425e-02,-1.152115365940464403e-01,1.369879433824561753e-02,-3.660173199867345489e-02,8.296569465096144326e-05,2.289214074596453066e-03,-7.824594655691055958e-03,-1.017631378214878951e-02,-4.253568947374079812e-02,-3.439569027088085641e-03,-3.946389083357439674e-04,5.937672429429023631e-05,-2.072597884039541899e-03,-1.162560439248677777e-03,-2.095755662128381269e-01,-2.188912831368517442e-01
-5.273092406041421897e-03,-2.964811538587668743e-03,-1.530606628869032593e-01,2.479874411724461349e-03,2.045264792186256514e-05,-9.961521537181283054e-03,-1.544528430498776217e+01,3.233474513861010063e-02,-1.890492902487457272e+00,-4.815314042908426517e-02,4.385998637826894475e-01,2.772969344800591419e-03,4.506865681442125040e-04,-3.620623436599060829e-01,4.056278428142478035e-03,-1.739082429888924586e-02,-6.956911938292062447e-02,-1.110598102878747155e-02,-5.533113740573266867e-04,7.745502006122664818e-02,1.353546884696300683e-02,-6.279358803089781782e-01,-1.677488182672258013e-05,-5.385939785437356964e-01,-2.061184753620484006e-02,-3.686353089208714295e-01,-4.979771090101474916e-03,-8.044243980698065637e-05,-6.239712279291122904e-02,2.821450949045929519e+02,-1.343156104804000828e-01,2.565847065019183582e+00,8.632381608390479744e-02,-1.787105828671321062e+00,5.422167871785487855e-04,-4.958498829586219236e-02,1.512500517496364882e-01,-2.690188233552816000e-01,-6.289036881776157717e-01,-2.230491314025139449e+00,1.860770925890871050e-02,-8.360367372294133514e-03,-1.097501623308634947e-02,-5.451516440388189111e-02,1.417795557384021699e+01,5.586927149026555739e+00
-5.795114554423406219e-05,3.364316428277884519e-02,-4.838208519134224415e-03,1.784368839999910710e-03,2.041973072808347510e-06,5.391871158400092859e-03,3.360529311010559267e-02,-1.303137085311961041e+00,5.683628367799961056e-01,8.638093174082333014e-01,1.894672177718405293e-02,-1.766572423905302461e-02,-3.280880857356863254e-04,-2.044008674210678056e-01,-2.481242214381461191e-03,2.072871900191020772e-02,-1.437243367472359201e-01,-4.055666554684642816e-04,1.381997735341739596e-05,-1.125015037482751667e-02,-2.438514542532791984e-01,-4.924953621166309504e-03,-3.344010184301865474e-01,1.127553768364285107e-02,-4.955306353583930484e-02,-2.516865106921727623e-03,6.107149283404815499e-02,-4.995161704248483935e-05,-7.105906819484557324e-02,-1.343156104803898965e-01,1.979243764381056536e+01,-8.666544572985172001e-01,-2.221003984036684087e-01,-5.845187623980265673e-02,-1.223776595539355187e-02,-6.761228525014068014e-03,-2.151949961940368139e-01,-2.359776365710579693e-01,-2.249248950869226493e-01,2.199453419203373228e-01,-9.845102289825658371e-04,-5.962589830259130671e-04,-3.462616927813246676e-02,8.279943218952250106e-02,-7.001238730053196968e-02,-1.846865735287677879e+01
-4.087763397781976962e-03,-5.020937505353412385e-03,2.119316945224907628e-02,1.231883119871092459e-03,-8.069898914931870600e-05,-3.658889985185102139e-02,-1.853702347182154764e+00,-1.189568397047974790e-01,-4.875028659504448569e+01,-1.684605350890156783e-01,-2.087346168523499523e-01,-2.003830754867101833e-03,-4.249156014703035257e-03,-2.587155238594444073e-01,9.350334991301260555e-04,-1.270523489785722604e-01,1.137298756505851882e+00,1.684084402560494676e-03,-6.021657293185775275e-05,1.529340816834107608e+00,3.639338926145355840e-02,1.430774416873878685e-01,-9.367556159577820896e-02,-2.562693237068974228e-01,6.615508157442019643e-02,-5.760257875595988786e-01,-3.237117976806563185e-02,-9.466367979012593270e-04,-1.152115365940390435e-01,2.565847065019147610e+00,-8.666544572984792305e-01,6.877692042011937019e+02,1.078176710449649245e-02,3.141924755055053864e-01,1.304536125715684194e-03,-1.557000973488208498e-02,-1.413859556374118309e+00,-3.556089853373016474e-02,-8.503957777338013724e-01,-5.441628597676540124e+01,-1.554840124814531148e-02,-5.758189815611301950e-04,-9.029927863830674584e-01,2.368282537783131594e-05,1.172857919637480872e+00,-2.352500041759688898e+01
2.623136283963174649e-05,2.947683484609103701e-03,-6.293610722020923347e-04,2.645125924501848355e-04,9.591974939203489143e-06,-5.257447162621180572e-03,-1.757798538499639714e-03,3.715308614982092833e-02,9.710639347822488943e-02,-7.352762235826026949e-02,-2.847733528560538949e-03,-1.689193771926977491e-02,1.267748378768723653e-04,-8.190605607474757237e-04,8.298278285818712959e-05,1.859019331857221773e-03,3.178951427143285758e-03,5.059589963975868446e-05,3.273078962527938116e-05,2.507213329995497831e-04,1.037459647969147906e-02,1.548915340045839417e-02,-2.799991512065002491e-02,7.126053594681235059e-03,-2.764050053956803032e-01,-4.616433134362630045e-03,2.800398442570948415e-02,-3.301708052899267337e-05,1.369879433824569039e-02,8.632381608390174432e-02,-2.221003984036694912e-01,1.078176710451604105e-02,8.096313950598011955e-01,1.127887907337285674e-02,5.933917451278971798e-04,1.294468733739493000e-03,-1.733175316565480420e-02,-4.544601584402996330e-02,2.690793180887887919e-03,-4.308165597362643984e-02,-6.262888058068584321e-04,2.228750672847459204e-05,-8.814868043911129949e-03,1.287024298363598045e-03,-6.602876666617514545e-02,3.846897113290947079e+00
-2.731131354835077260e-04,1.224506243738208695e-04,5.185571173157189906e-04,1.488449324275820313e-04,7.675657663934492166e-07,2.968284545259529655e-03,-5.740644585208164452e-01,5.363337138967719415e-03,-5.527772800403805142e-01,2.645961250789120867e-03,-2.521340279879675794e-01,-8.962716663753218099e-04,-4.235052127754808469e-04,9.997299977997562564e-03,2.551183795998049645e-04,-1.468473460558756584e-02,-3.444132668658094962e-03,4.059035715490204310e-03,-9.843872072566899048e-06,9.361414357096174005e-03,-5.124744288876667683e-04,1.655894227168872024e-03,2.374689408079109706e-02,2.039631370633573828e-03,-1.564303752663875891e-02,1.447879007542157443e-03,-2.034400975509966653e-03,-7.501546619493752346e-06,-3.660173199867343408e-02,-1.787105828671308849e+00,-5.845187623980126895e-02,3.141924755055324758e-01,1.127887907337274918e-02,1.010130675214819362e+00,-3.687794574732570851e-05,-8.788794635509727254e-03,8.064660490231180708e-04,-3.074002039524093705e-02,-7.363945328812727953e-02,-3.106696473914934420e-01,-5.671083780837824460e-03,-2.884570261980210810e-05,-5.352342870234432642e-03,-9.980453245805216700e-04,4.035148306083004566e-01,-1.171111914972412293e+00
1.654765570979782609e-07,1.603089310746580031e-04,3.382230649006060200e-06,1.333496582934174205e-05,5.099219259001147262e-08,2.262356157202261456e-05,1.412637423072249983e-04,-2.096820598537919151e-04,7.246089021231940297e-04,-8.173245019111732151e-03,-1.525696117081578268e-05,8.070328638301757734e-05,-7.835450464133178007e-07,2.545476521488646829e-04,1.692697459649025130e-06,-5.313479735812936888e-05,1.493452554502074016e-04,4.078900705239934516e-07,3.996067303426124520e-07,2.924385485387285061e-05,1.406639549707964587e-03,-5.955055744498446378e-05,-2.078769191882688400e-03,-3.713274860313110678e-05,2.490702763436923942e-04,6.561270730160379601e-05,-9.956054698637682200e-04,3.480397777365555220e-07,8.296569465096157879e-05,5.422167871784648683e-04,-1.223776595539348595e-02,1.304536125716233884e-03,5.933917451278977219e-04,-3.687794574732252366e-05,1.687156253050310618e-04,2.233211642890574748e-05,-4.745132512954711892e-06,1.836486594314428204e-03,3.701531648247514137e-04,-1.297635447740150185e-03,3.940031458068103936e-06,1.123813889374964150e-06,-1.815378834520814356e-04,-7.121177219154230156e-04,-3.339172403293890748e-04,1.493776222751366095e-02
-1.404513851509728391e-05,4.932216961156935707e-05,4.980077092937952246e-05,1.228577445781518806e-05,-2.723773970882300109e-07,-6.830882230460726817e-03,2.277282013430393867e-02,-4.306271040608880486e-04,-1.755427005076348052e-02,-1.720889632779548564e-03,1.253280448715958333e-03,-6.154582746971463654e-04,-7.640250532722855535e-04,-6.771453655867842435e-04,-9.030094363817266662e-06,-2.701395008318810582e-03,7.776024435864781637e-04,-3.279018067364103579e-05,1.983451419574174626e-06,-7.349014905310429391e-05,2.738605956376258211e-04,-2.972419207432346056e-03,-1.644377927093170063e-03,-1.449100591929575763e-04,-1.109470588978432853e-03,-1.709646449032578477e-03,-2.107029553101584019e-04,-4.974183567459518291e-07,2.289214074596435285e-03,-4.958498829586767409e-02,-6.761228525011604706e-03,-1.557000973491739181e-02,1.294468733739473050e-03,-8.788794635509772357e-03,2.233211642890407374e-05,1.002306081075903139e-02,-3.843505633335711339e-04,-1.477746853664357082e-04,-6.998183541567058394e-03,-2.567818874600776274e-03,-2.934096996961635598e-05,6.265358132364876735e-06,-1.860782780637683029e-04,-2.803230560331806107e-04,-1.053496135640457632e-01,-1.649611011518926085e-01
-6.461823116238484986e-04,5.112240378257476439e-04,-3.509028077387124460e-03,1.115661345895915422e-03,-1.147214576742049715e-06,1.844087934290192850e-03,6.513521866534759943e-04,2.623332953677030496e-02,-1.431702955442103242e+00,1.486546091715654650e-03,8.388587618713886198e-04,2.042428688306139063e-05,5.777233953145149260e-05,-1.796799032800509011e+00,-7.376258391090397383e-04,1.297576285751022088e-02,8.758406805578271281e-02,-3.248296416332903527e-05,3.960950465927088796e-05,-1.454169315383508319e-02,2.574801512643263494e-04,-1.260321511777182275e-02,3.692232837168706039e-02,-4.188602591556721613e-03,-6.213770613028257034e-03,-2.384904826531430988e-02,5.136635891866037258e-03,-2.853491544635184952e-05,-7.824594655691064632e-03,1.512500517496388475e-01,-2.151949961940362865e-01,-1.413859556374120974e+00,-1.733175316565484236e-02,8.064660490231193718e-04,-4.745132512967173441e-06,-3.843505633336251814e-04,5.821617295235498091e+00,-2.217027183428145753e-01,-8.401210670885451981e-02,3.507758489495987897e-01,-3.976545408512199278e-04,-1.139292551274674375e-04,4.087320513734555953e-03,-3.279573139560153401e-03,-2.222398191631809808e-02,-9.424308535798333608e+00
-4.093616000293108102e-04,3.637898130491805382e-03,-9.999484613067077463e-04,-8.981664893297665320e-03,-1.947158380910687870e-06,-8.187331902792685610e-04,-2.913393966542999342e-02,2.191493701227485713e-02,-1.256201744182576241e-01,-1.292649955193053146e-01,9.388807024870569895e-03,3.355236692295998462e-03,-2.476747031656995773e-04,2.263375671986248353e-02,-2.505163269780530388e-02,-5.701535360805901412e-03,-1.461648247226952739e-02,-2.640411992750353988e-04,-5.618134383506955681e-04,3.352434204003680324e-03,2.860220523224420858e-02,-2.582317586890415032e-02,-4.495613992470409714e-01,-1.423033179906178433e-02,5.110878033850028285e-02,-3.153106602937329195e-02,-2.226431304598854299e-01,-1.620304319322323300e-05,-1.017631378214889359e-02,-2.690188233552725516e-01,-2.359776365710587465e-01,-3.556089853375293819e-02,-4.544601584402994249e-02,-3.074002039524117991e-02,1.836486594314429722e-03,-1.477746853665181347e-04,-2.217027183428144366e-01,2.616795984118668539e+00,-8.335024883472504087e-02,-7.541803126790633249e-02,-3.390874484665281317e-03,-5.609923583701117555e-04,-6.655750500814074447e-03,-1.075344962357112182e-02,-6.787097604259599570e-02,-2.297608762165895868e+01
2.577205213748475572e-04,2.420188752421901894e-03,-3.113113345996685113e-03,5.404149045756385895e-04,-6.683370044110063042e-06,-1.620288959532604697e-02,1.395827252321363288e-02,7.941556439494592418e-03,-2.035928719577776436e-01,-4.371367423363846372e-02,5.640315451899024189e-03,-3.881044566698228868e-03,-9.437959472195778243e-04,-1.455501318844614755e-01,2.232266717385010665e-04,-2.090703519412382971e-01,8.549217407942179617e-03,-1.801006205346716480e-04,1.169119875952748255e-04,-1.684935518905494997e-03,6.678577128710950529e-03,-6.309910718413990205e-01,3.809563435284368110e-02,-4.053367727297901846e-02,-2.601428410566997487e-02,-1.309327013020638968e-02,-1.155241127483152587e-02,-7.263405322821008436e-05,-4.253568947374090914e-02,-6.289036881776067789e-01,-2.249248950869181529e-01,-8.503957777337857182e-01,2.690793180887911338e-03,-7.363945328812679381e-02,3.701531648247494621e-04,-6.998183541567067935e-03,-8.401210670885438103e-02,-8.335024883472481882e-02,5.058544359090173081e+00,-1.293423653648018978e-01,-6.049325853101324754e-04,-2.495865691597789235e-04,-2.319657338493107471e-02,-1.703840890925285498e-02,9.972355493536100290e-01,-3.708339023892179842e+00
5.315811352204811253e-04,1.912726880196611787e-03,-1.236640615972871456e-02,7.193491353391585951e-04,3.473461788234769997e-05,7.670012387796654521e-03,4.774774138545785362e-01,1.476443231545760022e-02,-8.943437724686965851e+00,9.106540149620244440e-02,8.575371949790258630e-02,-3.072939436446250894e-03,7.103328333460431476e-04,7.860300387462582083e-02,-2.355258290008402974e-05,7.194476685723297238e-02,-1.634198073831614195e+00,-1.212173813799105561e-03,4.913153947160980037e-05,-6.431918663467945940e-01,-2.163172621455052361e-02,3.257945319594766215e-02,-2.909389018976871188e-01,7.175971375520334705e-02,-2.679544276055959712e-02,1.393688627725365725e-01,1.052452273865833211e-02,1.898917155381951033e-04,-3.439569027088433886e-03,-2.230491314025162541e+00,2.199453419203332982e-01,-5.441628597676558599e+01,-4.308165597362469124e-02,-3.106696473914913326e-01,-1.297635447740172737e-03,-2.567818874601680932e-03,3.507758489495997334e-01,-7.541803126790568024e-02,-1.293423653648040350e-01,2.434978800079786865e+01,-1.314627083653516692e-04,-2.686607510332445528e-05,4.882199452904930626e-01,-1.159179364832481178e-02,-7.673773785325297414e-01,1.864244318155348745e+00
2.918111198287831775e-06,7.602937375729231237e-06,-1.123840204480279823e-04,1.809701622748546360e-05,5.544947306999893443e-09,1.587474064749977780e-06,-2.778469635512692808e-03,8.715435985610650116e-05,1.935918160530621145e-03,-2.253409531588045230e-04,5.853718384374738577e-04,1.751315135823701616e-05,-4.630459269411227042e-05,-1.301278282400834330e-04,-1.656694137678581269e-05,-1.621038979342814303e-04,-1.154903952309238829e-04,-2.999474485699757804e-05,-3.347991217217310298e-06,8.662166098591474102e-06,4.718524197645739519e-05,-1.648316846320591826e-04,3.343778740679862437e-04,-5.083496535371499693e-05,1.842419436887562619e-04,-2.717978835102543775e-04,-2.946967778544477899e-04,1.207355915381492295e-07,-3.946389083357563273e-04,1.860770925890793334e-02,-9.845102289827596925e-04,-1.554840124815268926e-02,-6.262888058068526859e-04,-5.671083780837829665e-03,3.940031458068302989e-06,-2.934096996961831094e-05,-3.976545408512229094e-04,-3.390874484665273945e-03,-6.049325853099424147e-04,-1.314627083649958883e-04,1.620357993123995371e-03,-4.553665358535374493e-05,-7.888296737310880418e-05,-7.187253893913479426e-05,3.001887188749319084e-03,9.738768834767273002e-07
-1.856411161978228254e-06,9.465475281450080122e-07,-4.801792496769774282e-05,7.564899283199076701e-06,6.793304685892268752e-09,1.362466975508731454e-05,7.588360082627282127e-04,6.457153210438457711e-05,-5.228920835374665024e-04,-7.033477336807218618e-05,1.207989441053775124e-04,-1.691194314158811819e-06,1.960811418125130962e-06,4.339810462340938283e-05,-1.335432769293405485e-05,2.219314524962387480e-05,8.427558098833921386e-05,-3.763661100314681197e-06,-1.545924619982628458e-06,-8.085283185237977508e-07,1.628283557364421552e-05,2.136421512630370880e-04,2.256125332912076154e-04,-7.122708759346853085e-05,-1.948307549447959102e-05,-1.310898710775787251e-04,-9.064559603118279359e-05,-1.419854012628865047e-07,5.937672429431173739e-05,-8.360367372297805924e-03,-5.962589830258778305e-04,-5.758189815609868634e-04,2.228750672847447007e-05,-2.884570261980868447e-05,1.123813889374961820e-06,6.265358132367309414e-06,-1.139292551274507950e-04,-5.609923583700911556e-04,-2.495865691597079624e-04,-2.686607510297156441e-05,-4.553665358535425315e-05,2.340546153499737541e-04,-4.029637522608923391e-06,-1.594486152291541771e-05,-7.819335558961793692e-03,-3.854776833344230724e-03
1.334828241408967558e-04,9.899774066212125700e-04,2.337428193976637605e-03,2.161042732178009528e-04,5.381015677169490691e-07,3.071555832893744110e-04,8.954377114077817848e-03,-8.585442270747190713e-03,1.389036541386661217e-01,1.329235781707265550e-02,1.611348381193469662e-03,-4.245214304381543275e-04,2.213202068414131399e-05,-7.751734457798689507e-04,1.754943854207617366e-04,2.812155169152187693e-03,-1.343998049949182982e-01,-2.273399271013604574e-05,3.180691877619624891e-06,-1.537331281158609182e-02,-4.806971088588464849e-03,5.675816414690610170e-03,-4.106271170345039689e-02,4.927817050443487196e-04,-6.015675374708001448e-03,-7.120284393971845760e-02,3.180723178719076314e-03,-5.537538948023502120e-05,-2.072597884039532358e-03,-1.097501623309153108e-02,-3.462616927813189777e-02,-9.029927863831193058e-01,-8.814868043911247911e-03,-5.352342870234477745e-03,-1.815378834520814898e-04,-1.860782780637922366e-04,4.087320513735119738e-03,-6.655750500813917454e-03,-2.319657338493102613e-02,4.882199452905007786e-01,-7.888296737311575662e-05,-4.029637522611267978e-06,1.506546461747561572e-01,-3.387289253081696150e-03,-1.534666636489549069e-02,-1.206810748901431696e+00
-2.104400456614643195e-05,3.876764825692536470e-03,-8.644949814975881402e-05,-1.592036194368390755e-03,-3.281413092392984105e-07,1.949368623883160779e-04,4.153532984662875252e-03,6.381296780770344922e-03,2.803089826050267179e-03,4.944377168471799505e-02,2.792249270574712712e-04,-1.334404922500637700e-03,1.970530170265607833e-05,-8.295172904546021381e-03,5.617165832867755692e-05,-3.423909367329385379e-04,8.374006592063273002e-05,-6.511420629946489235e-06,2.006247142169086269e-07,-2.472292997439465832e-04,-1.656483238721807513e-02,1.615776264653975575e-03,-4.278933722687003338e-02,-6.051791793577577724e-04,-1.484647410293930651e-02,-1.345318644371261451e-04,4.401005954657864414e-03,-3.651028501151848244e-06,-1.162560439248682331e-03,-5.451516440388138457e-02,8.279943218952125206e-02,2.368282535265767293e-05,1.287024298363661362e-03,-9.980453245805507266e-04,-7.121177219154232324e-04,-2.803230560331891217e-04,-3.279573139560143426e-03,-1.075344962357112355e-02,-1.703840890925283416e-02,-1.159179364832507025e-02,-7.187253893913364230e-05,-1.594486152291643076e-05,-3.387289253081696584e-03,4.677430536977485870e-02,-1.888516785670310560e-02,-5.175308511891750785e-01
-4.790466571114584070e-04,9.178510804381777299e-04,-5.355651325007682040e-02,-7.091796129151511354e-04,5.536602981612728573e-06,-4.099669231998832181e-02,-1.067392975142979594e+01,2.612827514428683190e-02,-9.740223178633738987e-01,-5.129115332423171518e-03,-2.300701594267006919e-02,1.828273814670345124e-03,-2.561444041526062497e-03,-1.450989799383703947e-02,5.567750438129789826e-04,-1.501653073239138936e-01,-5.835973306469289384e-02,3.615618550584029020e-03,6.065284247473070461e-04,2.455135060787400417e-02,-1.148358743048298169e-03,-4.532380526032439683e+00,-1.615673133122012828e-02,-1.108979075862804725e-01,5.816886398043792650e-03,7.117775197769207491e-04,-2.687213631423290752e-03,-5.082940667614643674e-05,-2.095755662128387098e-01,1.417795557384024541e+01,-7.001238730054995529e-02,1.172857919637476209e+00,-6.602876666617422952e-02,4.035148306083060632e-01,-3.339172403293338889e-04,-1.053496135640454717e-01,-2.222398191631824726e-02,-6.787097604259698103e-02,9.972355493536084747e-01,-7.673773785325210817e-01,3.001887188748897112e-03,-7.819335558961327051e-03,-1.534666636489334310e-02,-1.888516785670343520e-02,6.155561599256412819e+01,1.194072535181007311e+00
5.469071458511808211e-03,-2.632074517587486562e-01,9.436715293835959417e-02,3.990280733889512571e-02,-1.084426767409624388e-04,7.784144955886175554e-02,1.004704329193413459e+00,-9.637875842595933662e+00,2.048110402377185224e+00,-1.292507427293627664e+00,4.432129334297149059e-01,-8.016612928846782171e-02,1.351146689122814659e-02,-3.560652225587502162e+00,-3.106968407389007480e-01,2.705811333769933547e-01,6.279832494753492256e-01,-1.136200682411937606e-02,2.796661675888187197e-03,-2.304399571547017522e-01,-5.846851867305227768e-02,3.260535201612819178e-01,-1.325436495397339343e+02,-1.783427788547841786e+00,-3.446368367015236522e+00,-3.196604199990714379e-02,1.829306365385017008e+00,-1.740571975047958825e-03,-2.188912831368452772e-01,5.586927149026528205e+00,-1.846865735287699195e+01,-2.352500041759683569e+01,3.846897113290935977e+00,-1.171111914972424062e+00,1.493776222751458382e-02,-1.649611011518810622e-01,-9.424308535798322950e+00,-2.297608762165892671e+01,-3.708339023892185615e+00,1.864244318155257707e+00,9.738768860091101729e-07,-3.854776833346409536e-03,-1.206810748901372188e+00,-5.175308511892148244e-01,1.194072535180934480e+00,6.012199690858656140e+03
