2.849789480841459863e+03,-4.082663505706999558e+02,5.707129159214912306e+02,-1.403588752676008085e+02,1.647669688813531708e-01,-7.571408886269391587e+02,1.313494268036293033e+04,-2.067312133830131188e+03,-2.691042013570416657e+03,1.861053063441177983e+03,4.881151401231871887e+02,2.305861606845945044e-01,5.003470831413392972e+01,-9.027412164096893321e+03,-7.456323437691081608e+02,1.420004401528557310e+03,-1.375866760449788444e+03,-5.067423053620542106e+01,6.103301671992645794e+01,-5.385451007099352864e+03,5.110822375906140223e+03,-6.924651843560757698e+03,4.608698169038757624e+04,-1.681422973256174600e+03,-1.246032689033433485e+02,2.378423999083337890e+02,3.307938097513325033e+02,8.291234623442435281e-02,-4.633755856877008910e+02,6.137475771865599654e+02,3.110383856317165919e+04,-1.212301455368871395e+01,3.803104680079523860e+03,5.542748415822892639e+03,1.019541188218902744e-01,-3.844982742480355142e+01,2.176436000899819874e+02,-1.324108071484117318e+04,-4.893344751880189506e+03,4.506039396826128359e+04,2.066865152962255259e+00,-1.717459978125812015e+01,-1.858727947074195527e+03,5.146197636133854303e+02,-6.276420597540559538e+04,-1.989074502271014353e+04
-4.082663505707265585e+02,9.051294954266064678e+02,-7.955675892301707108e+01,2.221924529754324453e+02,-3.012843825074368875e-01,9.251675797620671915e+01,3.907961196893025772e+03,-2.316844269002323472e+03,1.432086527951470885e+02,-2.877137230365869414e+02,-1.206195153589276060e+03,-1.627995924347135359e+00,-5.798920287250219729e+01,3.747732110692563310e+03,1.272990356346840599e+03,-3.300130135089805776e+02,1.561787702511660427e+02,3.115925608189596119e+01,-3.728099792924639644e+01,5.290937264655752870e+02,-1.731833967411308549e+03,1.321646606944536188e+03,-2.508408011802458986e+03,5.800536841616379888e+02,-1.026662767667748852e+02,-4.186780080831187547e+02,1.414562115100553115e+02,-5.801176530951423355e-02,1.482883455457630077e+02,4.331622329112880834e+03,-1.119545067726729212e+04,-8.910798170229183768e+01,-1.560663354775585503e+03,-4.420835206519595886e+03,1.966423625930163954e+00,2.907286886980377361e+01,-7.611594636496041630e+02,7.490539448392994018e+03,-1.293112926843437435e+03,-6.545708492817248953e+03,-8.383013912393021627e+00,3.189743829327817082e+00,1.080945642455540110e+03,-1.575631297190912505e+02,1.251125418584333602e+04,3.325268457001219758e+03
5.707129159215222671e+02,-7.955675892302858188e+01,3.246599359395157535e+03,1.131372731074437297e+03,3.437734013747660300e-01,-5.656668543185215867e+02,-2.587539863314925242e+04,3.580625254974995642e+03,-1.141621763430054898e+03,1.176502010978686485e+03,-2.521407795637819618e+03,-2.905908143012224110e-01,-3.802616240017182037e+01,-3.831787459925157691e+03,7.816998319609505188e+02,1.939653219920992797e+03,-3.403883099903049697e+03,-1.890541894938517764e+00,-9.824350421172095338e+00,-2.007651332768381963e+03,1.913897615930203528e+03,9.700764121248515949e+03,-8.434927192416469552e+03,-1.354328025495535030e+03,3.910082240179026485e+02,-6.562917186761588937e+02,-2.222162963260018387e+02,-2.703880166251036998e-01,1.946065533385346100e+02,1.417989681932987514e+04,2.376553789682522620e+04,4.530346708281690553e+02,1.075787614136972252e+03,8.631347996864067682e+03,1.799597050409101007e+00,1.052842000710036956e+02,9.671045993860616363e+02,-1.386535809279926070e+04,-5.360267154186080006e+03,3.520861101602626877e+04,-2.017089317019483374e+01,1.424417973704292173e+01,-1.337978596503375911e+03,4.856460388334235745e+02,-5.991738189582666382e+04,-1.018656135196368632e+04
-1.403588752657763337e+02,2.221924529744156871e+02,1.131372731076601212e+03,1.987304814267050460e+04,1.047204315392529450e+00,-7.071711155812523657e+02,-5.786836852279267987e+03,5.532972195675816920e+02,-8.533713305692464246e+02,-5.986890376828486069e+02,-9.795873685409718746e+03,6.186408687780065030e-01,-7.349415834997500951e+02,-2.403615117611079313e+03,-2.791405015581022235e+04,-6.433416558446722320e+02,5.112133498367891661e+03,-8.888078671393883212e+01,1.908635033150648042e+02,7.512149086517956675e+03,-6.970981120736792036e+03,1.667533913897205275e+04,-1.262463013909951987e+05,-9.020346784449935512e+03,2.981153120004846187e+03,-1.160114322359188236e+03,-1.657993460612752017e+02,-2.158340257914381777e+00,3.902231275539929243e+02,3.649876053249912220e+05,1.242562848858037905e+05,2.471956733832821840e+02,7.685971604576951904e+03,3.237688783620145841e+04,-7.460536475110871590e-01,5.391896651469758126e+02,8.357892698680565445e+03,-5.946882549192479928e+04,-7.210157404011230392e+04,3.078079074519926216e+05,-1.299978868569857937e+01,-8.684590803942269588e+01,-2.397352396620302084e+00,1.571137380003792032e+03,-6.209579330381917534e+05,-6.235120207221462624e+04
1.647669688819678735e-01,-3.012843825078254101e-01,3.437734013750890494e-01,1.047204315388536422e+00,2.077267932980536302e-01,1.311984194092141454e-01,-1.964440376349345740e+01,-3.193388793597437658e+00,-1.430134111326650137e+00,1.299033338544080873e+00,1.430608217043954911e+00,8.309767608467816952e-03,1.372049386922923053e-01,2.408513549890800298e-01,-3.296685433413748978e+00,2.839452420871594995e+00,1.604803428688983624e+00,2.084962670824645758e-02,-3.583855603136934520e-02,-1.717339916693144675e+00,1.666933213776295108e+00,2.541433652364981199e+00,-9.464459997036554384e+00,-7.729441766240541245e-01,2.143101564462256484e-02,-1.840936299930611905e-02,8.664688845323054167e-01,-7.797320095700692455e-02,-7.711490405020533789e-02,1.230609640731731247e+02,1.220732567688157211e+01,8.959381261722765277e-02,2.016766890052656969e-01,5.046380778259275113e-01,-5.250561079149893007e-02,7.505493516331913223e-03,1.354877070988272036e+00,-4.512147325388516705e+00,-1.427008471427765812e+01,6.213068717712886979e+01,-1.329202070883255538e-01,-5.267265268711834175e-02,2.258657854021211553e-01,-2.133739780522130314e-01,-1.461777333795879201e+02,-1.734600553254581357e+01
-7.571408886269107370e+02,9.251675797618700869e+01,-5.656668543184997588e+02,-7.071711155797279389e+02,1.311984194096692535e-01,2.002179316788617598e+03,9.301806370006566794e+03,-3.756051180165422920e+03,2.304309687218445646e+01,-4.304362801382162615e+02,2.746925179188879611e+03,-2.760550486293670835e-01,5.456154259038571297e+01,4.473685725844430635e+03,-1.481835416329490272e+03,-8.718499145670429016e+02,-1.063839954693042273e+03,1.463446651306254864e+01,-3.260393087039664550e+01,2.049692980054479108e+02,-7.259019712939627880e+02,-4.818592373228681936e+03,5.686466246038201461e+03,7.436661977752029316e+02,-2.648209907249301409e+02,3.365203760844516978e+02,4.184862551199604468e+02,-3.104165564916372411e-02,-2.370922769052775436e+02,3.530142550410702825e+03,-1.895488598237851329e+04,3.881873853829697651e+01,8.590180105434903908e+02,-7.412746012671549579e+03,9.188983618891504168e-01,-1.013450725632115876e+02,-2.658397305130471068e+03,9.922382075500028805e+03,3.435107053608965998e+03,-2.351994242424483673e+04,1.080889321434054118e+01,-6.428855763287657510e+00,8.447190759453281999e+02,-1.915903779810582535e+02,3.333882190430734045e+04,8.459104949034132005e+03
1.313494268035749155e+04,3.907961196897050286e+03,-2.587539863315174807e+04,-5.786836852220833862e+03,-1.964440376350573558e+01,9.301806370010186583e+03,6.563040739487554878e+06,-1.021105490850689355e+06,-5.896088419008635537e+04,-2.545683140936756536e+04,1.080427250284274196e+05,7.599792826722179484e+01,-3.476317397111206446e+03,1.261585988180766581e+05,-6.856125950756289240e+04,-2.081341122727829134e+04,-1.851957630096962475e+03,9.123764644556340500e+02,-2.913939453133817281e+01,-9.813018845497725124e+04,1.066848339428570034e+05,-2.570978604266612791e+06,2.422914574989055283e+06,-5.360334143816799042e+04,1.597533576615773745e+04,2.344136222770212771e+04,4.523298329393183667e+04,2.245729162308642302e+01,2.244136115333170437e+03,-2.560954829136042390e+06,-3.172463933259840705e+05,-2.137643215448801857e+04,3.265400969487777911e+05,-5.481982024009766756e+05,9.423132888895787573e+01,1.548638452102358769e+03,-2.877348078902077978e+05,5.141663980158428312e+05,-2.211572372431388940e+05,6.054390929505782697e+04,-1.059009774311396768e+03,6.399724724236097018e+02,7.164853326947294408e+04,-3.302517387825163314e+04,2.511170290963277686e+06,-3.218541682086255751e+05
-2.067312133830970652e+03,-2.316844269002239798e+03,3.580625254973323990e+03,5.532972195508805271e+02,-3.193388793605376197e+00,-3.756051180164316520e+03,-1.021105490850537666e+06,2.933458310656442191e+05,-1.032262801185580975e+04,-4.404364794990258815e+03,-2.045015559676043631e+04,-5.276468207196447047e+00,-1.028476372363192468e+03,-4.740276183615388436e+04,1.366257536365036503e+04,-8.518386201336727481e+02,2.366046831806012779e+04,-7.522697067434197038e+01,1.077775334355667702e+01,2.958232753524106101e+03,3.804762324686991178e+03,3.376572772252022405e+05,2.408294233167456405e+05,1.746336911289811178e+04,-8.652401143417902858e+03,-2.675510632620414981e+03,-2.171254884252007287e+03,7.078416745485746620e-02,-2.170851432438640131e+03,-6.999661689406464575e+04,-1.723177888759273628e+05,2.856964774255127850e+03,-7.474408403325338440e+04,3.981327382556033263e+04,-4.217167250876802598e+01,1.028934873036530007e+03,8.440955533996298618e+04,-8.798343483681495854e+03,1.518635410540891462e+05,-3.447281743318900117e+05,1.160481775601758443e+02,3.140009603190174516e+02,-2.924680155159448259e+04,9.126284727443195152e+03,4.894127807488908293e+05,-1.005240833129060338e+05
-2.691042013569918254e+03,1.432086527951394146e+02,-1.141621763428706572e+03,-8.533713305744616946e+02,-1.430134111326462731e+00,2.304309687178538368e+01,-5.896088419009298377e+04,-1.032262801185929493e+04,1.369200722845721175e+05,-2.913066128291766290e+03,-7.482350432766085078e+02,-8.498435515567607013e+00,2.295717240004039752e+02,1.469045404046974545e+04,-7.419038247649534696e+02,-1.088054449759077215e+04,2.215725997033689055e+04,1.791662383069942877e+01,-7.724684899807650140e+01,7.644902634501081593e+03,-6.788623920964260833e+03,1.513375994077843279e+04,-2.059433467308741529e+05,2.586753603969954838e+03,4.652554315727844880e+01,-2.233809225660969332e+03,2.362904990919867032e+03,-8.027397981860102671e-01,-1.204939643659855619e+03,-4.955141103739213577e+04,3.799601768599487696e+04,-2.396835181057392219e+03,-2.820747849737900196e+03,-1.354731128029586671e+03,1.575234841165511490e+00,-4.340668172540696332e+02,-4.573206185850833208e+03,-4.195971519095997792e+03,-1.595348378937342568e+04,2.146917315482797858e+04,1.212549089668625300e+02,-1.900077041811268828e+02,3.730121246224086462e+03,6.938075222608850368e+01,-2.796280123416938295e+04,4.048259807874866965e+04
1.861053063441497216e+03,-2.877137230367886218e+02,1.176502010978895441e+03,-5.986890376834705876e+02,1.299033338545351191e+00,-4.304362801384637578e+02,-2.545683140937656208e+04,-4.404364794985603112e+03,-2.913066128292417488e+03,5.953223321182203108e+03,-3.274308368754373078e+02,-1.590561164288045282e+00,1.218924446062849931e+01,-6.330647117009470094e+03,4.023149426113947811e+03,1.498778749021082604e+02,-3.336554602221351615e+03,-5.819561398899859483e+01,3.477990470424207814e+01,-3.106215285293661054e+03,1.869415686944226081e+03,7.917017493890308288e+03,-3.984090859247620756e+03,7.814087007663620170e+02,-8.756546433301417665e+02,-5.171199328270649431e+01,8.664753593469723114e+01,-5.236279062437971810e-01,-6.377418572973352440e+01,1.082390530737788358e+05,2.338781193864610759e+04,1.538926446970569550e+01,-3.376493328702603321e+03,7.458381755755376616e+03,3.094149294367780079e-01,2.878968371391310654e+01,-3.642681550885985189e+02,-1.127466324876750696e+04,-7.492692511637033931e+03,7.403243822764589277e+04,5.048483535807222466e+01,1.485113613569838442e+01,-1.581335565552273465e+03,5.590251038070859977e+02,-1.682499527189341607e+05,-2.170468619143345131e+04
4.881151401222143704e+02,-1.206195153588628727e+03,-2.521407795639105643e+03,-9.795873685408783786e+03,1.430608217039874175e+00,2.746925179189835490e+03,1.080427250284892216e+05,-2.045015559677909187e+04,-7.482350432795749384e+02,-3.274308368760840722e+02,2.881617067192994000e+04,7.110090686205970734e+00,5.155611313187773703e+02,1.627232546394939163e+04,-1.155291800993687320e+04,-5.020913129111952912e+03,-4.276906458258149542e+03,-8.877202212621722310e+01,7.744720238861302342e+00,-1.423716120713249256e+04,1.627370601831226668e+04,-6.504830094067032769e+04,2.956387185190289747e+05,-8.393938688382768305e+02,-8.277102369462368188e+02,2.918067709191863742e+03,1.997663901992975752e+03,9.180130321475646893e-01,-1.104274209813653670e+03,-2.708892861844358267e+05,-9.443968488456026535e+04,-1.125194611436949543e+02,2.358357445603817541e+04,-3.157919985771178472e+04,-2.252482901961391004e+00,-4.110100709507826195e+02,-2.556890580857098757e+04,3.258074691796624393e+04,3.826782849712510506e+04,-2.025386906761582650e+05,3.174798643184198355e+01,5.361147888494571134e+00,2.169885275782503413e+03,-2.193962257646489434e+03,4.786817428291712422e+05,2.299093829281909711e+04
2.305861606835665489e-01,-1.627995924346056444e+00,-2.905908143012859712e-01,6.186408687898289349e-01,8.309767608468894215e-03,-2.760550486293762984e-01,7.599792826722932659e+01,-5.276468207193661719e+00,-8.498435515569161325e+00,-1.590561164286563134e+00,7.110090686193996312e+00,5.474472449623886128e-01,1.007538957845295791e+00,-8.549036678069985129e+00,-6.829548736040502277e+00,1.483235412426322775e+01,-4.027038667881142509e+00,-2.459686979233111359e-01,1.545556138290455073e-01,-7.241782269076733544e-03,-6.505694908346757899e+00,-5.762410843295541696e+01,-1.296536254045258545e+02,-7.172968583952905597e+00,3.288625650800135247e+00,1.956669417352315365e+00,-3.509364318428306984e+00,-1.911742794555581701e-02,1.616919582478658357e-01,-5.250816441493635978e+01,6.504190393018031102e+01,1.639672632321956813e-01,1.028632030877687065e+01,4.395639948486167015e+01,-3.964137613091813783e-01,3.040739211659123642e-01,3.694297942013249347e+00,-6.147799849459905630e+01,-1.045851765043182411e+02,6.715580865471130778e+01,-1.194296142380517622e+00,-7.390821545354345767e-01,1.331239527503538511e+01,7.498113631630359821e-01,-1.617498757438251999e+01,1.226139448461759969e+02
5.003470831406956165e+01,-5.798920287247929650e+01,-3.802616240013697535e+01,-7.349415834986348273e+02,1.372049386927094994e-01,5.456154259036641463e+01,-3.476317397122789771e+03,-1.028476372363055816e+03,2.295717240005248243e+02,1.218924446081464730e+01,5.155611313178355886e+02,1.007538957847700978e+00,3.001595496627273860e+02,-7.544829755195586074e+01,7.563859766948791048e+02,1.172527437481640163e+03,-5.801457793036560133e+02,-1.221358856509145241e+01,-2.559954025412466549e+01,3.385715895557745625e+03,-3.776149233826472027e+03,-2.008224223850762655e+03,-7.987516935779382766e+04,-2.265145681119645360e+02,5.668026134015044448e+01,9.603301669747492042e+01,-5.974242253388655399e+02,-2.515220113845485495e-01,-3.790263424931055170e+01,-2.284607200607258164e+03,3.139901505072415148e+03,4.949403566248415842e+01,9.079764172281669516e+02,3.640919222479502878e+03,-1.893716632700885860e-01,-2.507258404609977447e+02,-6.781428878700687619e+02,-4.479820850839425475e+03,1.006637590940166433e+03,-2.472619461758343823e+04,-5.429686919103169807e+00,-1.484924181208530980e+00,6.299931813316370608e+02,5.837594371017605255e+01,1.321883813148533773e+04,2.978867112396775337e+04
-9.027412164098437643e+03,3.747732110693415052e+03,-3.831787459926466454e+03,-2.403615117607084812e+03,2.408513549842958568e-01,4.473685725845673005e+03,1.261585988181777648e+05,-4.740276183618189680e+04,1.469045404047762895e+04,-6.330647117010028524e+03,1.627232546394653218e+04,-8.549036678062213568e+00,-7.544829755126437476e+01,8.321982692585236509e+04,-8.803517639293633692e+03,-1.505840389016122390e+04,6.076456480008543622e+03,1.806929031891798161e+02,-1.652544761342076356e+02,-2.782341612770721895e+03,3.311186104208999950e+03,-3.524959473914555565e+04,2.106646765389216889e+05,-3.039598679198444643e+03,6.090222493965665308e+03,-4.375428860445995269e+03,-8.260454189473780389e+02,-1.091506818432616877e+00,-5.637139074482793148e+02,-3.573302342959220987e+05,-1.554414162237686105e+05,1.402556158595996862e+02,2.583885327856621734e+04,-3.869559092045296711e+04,1.816269451766416765e+01,1.592758518857595789e+02,-5.049908584857031383e+04,5.900336757311652764e+04,2.618679211724085690e+04,-2.668307596871582791e+05,2.192655398504862490e+02,-2.692416163858156324e+02,1.686498546582855488e+04,-8.514393879046556322e+03,6.606818369804284303e+05,5.579670450151569094e+04
-7.456323437723070811e+02,1.272990356348130717e+03,7.816998319582643262e+02,-2.791405015581241605e+04,-3.296685433418314659e+00,-1.481835416327454368e+03,-6.856125950749598269e+04,1.366257536363461622e+04,-7.419038247571791089e+02,4.023149426112443507e+03,-1.155291800993477045e+04,-6.829548736030443656e+00,7.563859766960940760e+02,-8.803517639286390477e+03,7.287117754140096076e+04,6.582927622788943154e+03,-9.561194234571079505e+03,2.583149960181833080e+02,-3.827188431984027375e+02,1.483995864041858795e+03,-2.843854678128959222e+03,1.524853333159951580e+04,-5.949417759608980123e+04,1.468669594204733221e+04,-2.199285957296573542e+03,-1.660255218878774485e+03,-2.356449016841321736e+03,3.555923305483008612e+00,2.491507812668969564e+02,-4.274142779269577004e+05,-1.318430565717807040e+05,-6.379255980444213492e+02,-3.287557281537687231e+04,-2.156758188657817300e+04,7.642526590340278148e+00,-2.735596353224665904e+02,2.625017496048693033e+02,6.757950798100428074e+04,9.406702277164654515e+04,-3.421861065787668340e+05,-1.440549471308570872e+01,2.150290028352918910e+02,-3.424410458194498005e+03,-1.396780353794440543e+03,6.721015738039239077e+05,7.074148504294600571e+04
1.420004401525906587e+03,-3.300130135078828744e+02,1.939653219921418213e+03,-6.433416557961220406e+02,2.839452420881620753e+00,-8.718499145662102592e+02,-2.081341122785127300e+04,-8.518386201543712559e+02,-1.088054449757636212e+04,1.498778749117190898e+02,-5.020913129144741106e+03,1.483235412441303147e+01,1.172527437487396128e+03,-1.505840389019983741e+04,6.582927622719025749e+03,1.416067314705332974e+05,-4.060138185578295816e+04,-5.863549652169473347e+01,-4.470650354878456767e+01,-6.636099930717643292e+04,2.378268473953300418e+04,-4.362134167679020720e+03,-2.544866586056717206e+06,-1.629658832889361975e+03,1.213237559749105458e+03,1.797077619126163199e+02,1.909644434402694515e+03,-1.785861733746514446e+01,4.794591094188643865e+02,-7.442668808338480303e+05,-2.117361412302002718e+05,1.655007435124680342e+03,1.809395667778555071e+04,-3.233138928367623885e+04,-1.074484140367142615e+01,-1.153625843509234073e+03,-1.251949263522326328e+04,3.183364033692912562e+04,4.925846969532960793e+05,-2.152432506462953519e+06,-1.831024521535935605e+02,-9.155465945706950492e+00,6.105585612012356250e+03,-3.487171742754557727e+03,1.935133657545828260e+06,1.387291954611980123e+06
-1.375866760448913737e+03,1.561787702506642006e+02,-3.403883099902669073e+03,5.112133498357729877e+03,1.604803428687666900e+00,-1.063839954693778964e+03,-1.851957630041233642e+03,2.366046831807022681e+04,2.215725997033642125e+04,-3.336554602223926395e+03,-4.276906458251036383e+03,-4.027038667894054846e+00,-5.801457793042629874e+02,6.076456480020432537e+03,-9.561194234552325725e+03,-4.060138185578790581e+04,8.024186913314188132e+04,2.401769843613528366e+01,8.654716200063944598e+01,3.582390440834933997e+03,4.430171854445958161e+03,-2.776757944065254560e+04,1.023586639818902040e+05,3.917649766936032847e+03,-3.114113724551918494e+03,-2.321795438929038482e+03,-3.238985294636388062e+03,-3.030639010597476091e+00,-7.367992659463877771e+02,1.832987319138903404e+05,1.265164919471752946e+05,-2.535381261260282372e+03,-3.297079532368801301e+04,6.083166147380723851e+04,-1.536351447067766252e+01,2.798136989523035254e+02,3.600432508105068700e+04,-6.366343605576902337e+04,-2.054388146479674833e+04,2.936485292143495171e+05,1.902812583217862539e+02,-2.251593469444197240e+02,-1.008246773143989049e+04,3.227300884317892269e+03,-4.953695898503871867e+05,-1.670751349671497592e+05
-5.067423053624160190e+01,3.115925608191372831e+01,-1.890541894966902392e+00,-8.888078671399807718e+01,2.084962670815541930e-02,1.463446651308784752e+01,9.123764644567552295e+02,-7.522697067457164621e+01,1.791662383073517972e+01,-5.819561398901623761e+01,-8.877202212619081934e+01,-2.459686979232681980e-01,-1.221358856507571211e+01,1.806929031892479998e+02,2.583149960182366272e+02,-5.863549652048900640e+01,2.401769843585297082e+01,2.423526909444880317e+01,-1.273345238401805091e+01,-1.365772944226976051e+02,9.063005896519331372e+01,-1.178741773096157033e+02,3.769339902707576130e+03,1.119882224962502875e+02,5.306575001944957570e-01,-1.959126830452408186e+01,-9.042461791104477342e+00,1.290492796300018660e-02,-5.758682053379027721e+00,-7.042501226393465004e+03,-1.369977539094516260e+03,-2.435049263964299726e+01,-1.855203936573026056e+02,-6.194331544597522452e+02,1.890477697973075022e-01,-7.933766125884463172e+00,-3.560668584852857776e+01,1.105575147380699491e+03,8.480936364116051891e+02,-3.512943665963864987e+03,-1.129348964632591823e+01,-2.122297856185540343e+00,3.318712316435249932e+01,-4.765812190599722697e+01,9.247430748708475221e+03,1.867291016750213259e+02
6.103301671992785771e+01,-3.728099792924736988e+01,-9.824350421177625137e+00,1.908635033147792797e+02,-3.583855603145992552e-02,-3.260393087039702920e+01,-2.913939452978478784e+01,1.077775334363631465e+01,-7.724684899808920591e+01,3.477990470418333757e+01,7.744720239038755949e+00,1.545556138290075099e-01,-2.559954025412259782e+01,-1.652544761339743218e+02,-3.827188431980285372e+02,-4.470650354798895876e+01,8.654716200048380870e+01,-1.273345238401269519e+01,3.849983577316174177e+01,-2.857407376537778987e+02,3.236660439524740696e+02,1.976442701814659131e+02,4.527343986553358263e+03,-1.721780179041230667e+02,5.139805351053210103e+01,-2.262535342451124265e+01,-3.698355722785483835e+01,1.228164216052882174e-01,3.290078702288870005e+01,-1.215213718585642653e+02,2.845810644487491118e+03,-2.899810130467068703e+00,1.938514640232237696e+02,8.595739041297448466e+02,-4.293272042621064655e-01,7.360374949047064241e+00,8.156060984668793878e+01,-1.413818108337466811e+03,-1.942262101521318982e+02,3.998990575764629739e+03,1.376152519633874327e+01,-2.082200195385338404e+01,9.717233635609380826e+01,-1.508993881012736722e+02,-5.689442359847490479e+03,-2.647333252914686000e+03
-5.385451007103320990e+03,5.290937264676513223e+02,-2.007651332766465430e+03,7.512149086563436867e+03,-1.717339916675272971e+00,2.049692980038693406e+02,-9.813018845542470808e+04,2.958232753534903168e+03,7.644902634486117677e+03,-3.106215285282174591e+03,-1.423716120719519131e+04,-7.241782285786308240e-03,3.385715895554688814e+03,-2.782341612823284322e+03,1.483995864019180999e+03,-6.636099930749893247e+04,3.582390440873513853e+03,-1.365772944230658652e+02,-2.857407376536028778e+02,4.841963578978262376e+05,-4.351882601429953938e+05,2.148847877748787869e+04,-4.183348334473868832e+06,-1.283487009356024828e+04,6.546025566406136932e+03,1.285385268234688056e+03,2.797228063559668499e+03,-5.812375090661677568e+00,1.824894981572354254e+03,-5.846058928129812703e+05,4.939774286788230529e+05,-9.396660629491717600e+02,5.270575585367010353e+04,3.555103779542386474e+04,-5.272584780691759176e-01,5.102433621844614891e+02,-1.800626648333495541e+04,-1.325362414958870504e+05,-4.668274037731795106e+05,5.587343523170703556e+05,-7.165428135256498763e+02,-7.951795632167682015e+01,-3.676511510193828144e+04,4.255285526657051378e+04,-2.485778992690718151e+05,5.491827993695710320e+05
5.110822375912075586e+03,-1.731833967414079552e+03,1.913897615927284733e+03,-6.970981120821572404e+03,1.666933213750597664e+00,-7.259019712934762083e+02,1.066848339435706730e+05,3.804762324696287578e+03,-6.788623920961678778e+03,1.869415686926407261e+03,1.627370601840038034e+04,-6.505694908385376785e+00,-3.776149233825316514e+03,3.311186104289747163e+03,-2.843854678053165571e+03,2.378268473988453479e+04,4.430171854401448400e+03,9.063005896632883207e+01,3.236660439527073549e+02,-4.351882601431478397e+05,4.337341471954189474e+05,-2.500303229138196912e+04,4.885428284098284319e+06,-3.885711300762010069e+03,1.382687508187614185e+03,-2.233703034630783804e+03,-1.171636504294837505e+04,8.632405699841985580e+00,-2.352031652997533911e+03,1.039254613932890003e+06,-1.919390633184616163e+05,7.690538332643358217e+02,-3.762123282728454069e+04,8.704937643318403570e+04,1.385539254707924073e+01,9.100958582564164772e+02,1.870732826008433403e+04,-3.224827042513465858e+04,2.937117379400830250e+05,6.745288802111999830e+05,8.240803599380778905e+02,3.074392145685549167e+02,-8.262962989239311355e+03,-3.515659699915616511e+04,-1.119745950115714921e+06,-1.366568730302114738e+06
-6.924651843557508073e+03,1.321646606942148537e+03,9.700764121251471806e+03,1.667533913894760553e+04,2.541433652370106433e+00,-4.818592373231355850e+03,-2.570978604266498238e+06,3.376572772252615541e+05,1.513375994082560646e+04,7.917017493886462034e+03,-6.504830094065087178e+04,-5.762410843299159069e+01,-2.008224223857114566e+03,-3.524959473911623354e+04,1.524853333163189927e+04,-4.362134167884803901e+03,-2.776757944064299591e+04,-1.178741773090315945e+02,1.976442701822759034e+02,2.148847877719658209e+04,-2.500303229097041913e+04,1.219980198476725258e+06,-4.180413681842089281e+05,1.655799292911102384e+04,-1.270411932415109504e+03,-1.201664456264454202e+04,-7.386465928259598513e+03,-9.067033032150783711e+00,2.319605969339902458e+03,1.204856454471638426e+06,2.645902572143229772e+05,9.151794015621697326e+03,-1.136874495708782924e+05,1.589842938910108060e+05,-5.301315809607900498e-01,2.650724339813913957e+03,9.613135686956680729e+04,-1.535062586356170068e+05,-4.172484094270951755e+04,6.113412801854729187e+05,8.048065504329393605e+01,-2.184433837888585117e+02,-2.067333465880768563e+04,9.589823830480874676e+03,-1.752131605464769527e+06,-1.850424671867791621e+05
4.608698169051448349e+04,-2.508408011880860613e+03,-8.434927192435296092e+03,-1.262463013934991031e+05,-9.464459997819366421e+00,5.686466246042282364e+03,2.422914575019359123e+06,2.408294233170514635e+05,-2.059433467294751899e+05,-3.984090859843027829e+03,2.956387185212958138e+05,-1.296536254112284610e+02,-7.987516935800123611e+04,2.106646765411725501e+05,-5.949417759348756226e+04,-2.544866586051054299e+06,1.023586639806383173e+05,3.769339902758462813e+03,4.527343986584565755e+03,-4.183348334487685934e+06,4.885428284110979177e+06,-4.180413681970441830e+05,1.763499552885200977e+08,3.932283579101763316e+05,-1.944269971345287631e+05,3.734264494306080906e+03,1.167366005985348465e+03,2.396408241575392140e+02,-3.077970380723637572e+04,3.822386967779800296e+07,-3.864918926076540258e+06,-1.046927858883107911e+04,-1.290147849160322454e+06,-1.376998143028236693e+06,1.718293696020602681e+02,9.514197952354261361e+03,5.012720623554186313e+05,3.352000211498641875e+06,-1.628426946078929305e+07,8.088874862538516521e+07,9.564929356558523068e+03,7.476750698621623087e+03,7.641496508448882960e+05,-5.185187517526858137e+05,-6.454322071060924977e+07,-6.967644162058404088e+07
-1.681422973256157320e+03,5.800536841609161911e+02,-1.354328025494612120e+03,-9.020346784425189981e+03,-7.729441766160703997e-01,7.436661977754015425e+02,-5.360334143825031788e+04,1.746336911288944611e+04,2.586753603984916936e+03,7.814087007696248293e+02,-8.393938688477887808e+02,-7.172968583963688083e+00,-2.265145681114548495e+02,-3.039598679214381718e+03,1.468669594200720167e+04,-1.629658832873252777e+03,3.917649766945094598e+03,1.119882224957712396e+02,-1.721780179041113001e+02,-1.283487009356320050e+04,-3.885711300753142950e+03,1.655799292913837417e+04,3.932283579092560103e+05,3.891430308161000721e+04,-1.942633616529294159e+04,2.735525997017762620e+03,3.010803891387763997e+03,2.409124523072230240e+00,4.133747859528203890e+02,1.360388519659544108e+05,-4.180898281089949305e+05,-3.017116033049960038e+02,-6.754827841721045843e+04,-1.227739511157896195e+05,-2.086732520524178014e+01,-1.097313315507310108e+03,2.484884083111713699e+04,2.192704885966331640e+05,1.349188405293538235e+05,-5.336330145354118431e+05,4.337136266395589246e+01,4.369000852685392147e+02,6.137886665326885122e+03,2.012822065368286815e+02,6.592175907103838399e+05,8.271781565200709156e+04
-1.246032689040421246e+02,-1.026662767661338194e+02,3.910082240172154115e+02,2.981153119992314259e+03,2.143101563875751334e-02,-2.648209907246671833e+02,1.597533576622751025e+04,-8.652401143421051529e+03,4.652554315811391916e+01,-8.756546433321545919e+02,-8.277102369420751984e+02,3.288625650809776424e+00,5.668026134011845585e+01,6.090222493974803911e+03,-2.199285957276292720e+03,1.213237559755875054e+03,-3.114113724563264441e+03,5.306575004377136473e-01,5.139805351043626302e+01,6.546025566420573341e+03,1.382687508159272284e+03,-1.270411932438421445e+03,-1.944269971346799866e+05,-1.942633616528613857e+04,1.205232657330095935e+04,-2.082277192128315619e+03,-1.922700625910703593e+03,-1.035957315149821811e+00,-2.755193316503504661e+02,-1.891545834347591444e+05,1.916317842018009978e+05,7.610527283360033834e+01,3.597350905505533592e+04,5.998825980409917247e+04,1.102195583248540167e+01,6.762854771174804682e+02,-1.993051590478415892e+04,-1.047294992605981097e+05,-5.034216304358277557e+04,1.826655477413873887e+05,9.239870993337062188e+00,-3.369825402071415965e+02,-2.529560538721078956e+03,-1.118955350111523103e+03,-1.615011399818677455e+05,-1.081117196095440886e+04
2.378423999085857758e+02,-4.186780080832920135e+02,-6.562917186758398884e+02,-1.160114322355823560e+03,-1.840936299768721265e-02,3.365203760842796328e+02,2.344136222767920481e+04,-2.675510632619335411e+03,-2.233809225660185348e+03,-5.171199328211162793e+01,2.918067709190020196e+03,1.956669417350718421e+00,9.603301669741257740e+01,-4.375428860449035710e+03,-1.660255218883467023e+03,1.797077619063387885e+02,-2.321795438925984854e+03,-1.959126830457847390e+01,-2.262535342447511866e+01,1.285385268229968233e+03,-2.233703034620073140e+03,-1.201664456263449756e+04,3.734264494562271011e+03,2.735525997014953646e+03,-2.082277192127754461e+03,2.518687743794606376e+03,7.006631101650179971e+02,4.460662197325758194e-01,1.699323410503905620e+02,4.925384218978506397e+04,-2.565782855431021017e+04,-2.247313489758588503e+02,-3.767762496248536081e+03,-1.188545413388375709e+04,-2.567195859979411576e+00,-1.461516431536650487e+02,3.694341254652222233e+03,1.708446573443509260e+04,1.804740544172472028e+03,-1.778434355093851264e+04,-5.718405808561231396e+01,9.499307501885225236e+01,1.771395552883108166e+02,6.190392910563311943e+02,-1.803470698270168896e+03,9.370615997919672736e+03
3.307938097520292899e+02,1.414562115097705544e+02,-2.222162963245280594e+02,-1.657993460341635910e+02,8.664688845417183316e-01,4.184862551193197078e+02,4.523298329375745379e+04,-2.171254884253070486e+03,2.362904990919553256e+03,8.664753594163863681e+01,1.997663901970387087e+03,-3.509364318440851616e+00,-5.974242253387907340e+02,-8.260454189801831717e+02,-2.356449016870966261e+03,1.909644434364753806e+03,-3.238985294618687021e+03,-9.042461791585237663e+00,-3.698355722784181410e+01,2.797228063592132003e+03,-1.171636504294534279e+04,-7.386465928177292881e+03,1.167366006604710265e+03,3.010803891388194643e+03,-1.922700625919122331e+03,7.006631101680343363e+02,2.739399536673259718e+04,-4.902072381222159159e+00,1.512397242589136681e+02,1.225865899680819348e+04,-1.275486110653822543e+05,-1.872866162774873189e+01,2.802888916947435064e+04,-1.737824987985374173e+05,9.246400889275811608e+00,-1.070718386123499499e+02,-1.636297808061978685e+04,1.568985882747159631e+05,2.650606164846323736e+03,-1.640604148975063290e+05,-1.694037643963568485e+02,9.795018996085542540e+01,1.859066464702731901e+04,-4.744114114679614431e+03,2.239756336477771983e+05,8.359479883851257910e+04
8.291234623460413955e-02,-5.801176530922468044e-02,-2.703880166245209438e-01,-2.158340257907414905e+00,-7.797320095700613352e-02,-3.104165564914869099e-02,2.245729162314922789e+01,7.078416743391101329e-02,-8.027397981905706192e-01,-5.236279062421067554e-01,9.180130321431926310e-01,-1.911742794555252103e-02,-2.515220113845653693e-01,-1.091506818436859705e+00,3.555923305474852025e+00,-1.785861733748816960e+01,-3.030639010598756400e+00,1.290492796289559839e-02,1.228164216052441277e-01,-5.812375090638290942e+00,8.632405699828291645e+00,-9.067033032166271767e+00,2.396408241583482379e+02,2.409124523071820345e+00,-1.035957315151769365e+00,4.460662197336993096e-01,-4.902072381219763741e+00,1.818616429212183694e-01,8.219804456430586381e-02,-7.103381587643498563e+01,-2.269012493137947573e+01,-1.458994389941933589e-01,-7.662034278986920910e+00,1.036886751899667836e+01,-7.104470055529618980e-03,-5.180012629656819412e-01,2.050282645655440827e+00,3.448686586490679495e+00,1.945538639555512717e+01,-9.507037084128846516e+00,1.003933116543078222e-02,3.254140795360363492e-02,-3.545611633393626949e+00,7.884041982559027995e-01,7.415613049614654528e+01,-3.080763586785496244e+01
-4.633755856875961854e+02,1.482883455457052548e+02,1.946065533386777986e+02,3.902231275547536029e+02,-7.711490404951695798e-02,-2.370922769053622972e+02,2.244136115322150090e+03,-2.170851432436907999e+03,-1.204939643660517049e+03,-6.377418572946643138e+01,-1.104274209814294181e+03,1.616919582467312710e-01,-3.790263424939241332e+01,-5.637139074493574071e+02,2.491507812661565993e+02,4.794591094150721915e+02,-7.367992659451160762e+02,-5.758682053389491351e+00,3.290078702290518464e+01,1.824894981566851811e+03,-2.352031652989109261e+03,2.319605969344732330e+03,-3.077970380701572503e+04,4.133747859521332089e+02,-2.755193316502241032e+02,1.699323410503273521e+02,1.512397242571245783e+02,8.219804456365736867e-02,1.268157011792786307e+03,2.347421354529359087e+04,4.365075568327878500e+03,-3.006631503712034714e+02,-1.763572810035587963e+03,-1.447044876435425067e+03,-9.371815131927123677e-01,5.166348448657011261e+00,1.863187698214779175e+03,2.083711934206136903e+03,-5.100115456085150072e+03,1.249267582892146675e+04,-1.331928823508786408e+01,-2.528432452260987784e+00,6.209532214144801401e+02,2.354265928567682664e+01,-3.482263251405963820e+04,4.456345201456066206e+03
6.137475774441095382e+02,4.331622328983608895e+03,1.417989681951131570e+04,3.649876053245978546e+05,1.230609640736657155e+02,3.530142550271594246e+03,-2.560954829134494998e+06,-6.999661689190851757e+04,-4.955141103878235299e+04,1.082390530737875670e+05,-2.708892861838875688e+05,-5.250816441812853697e+01,-2.284607200767773975e+03,-3.573302342959039961e+05,-4.274142779265187564e+05,-7.442668808380530681e+05,1.832987319157749880e+05,-7.042501226382889399e+03,-1.215213718195732042e+02,-5.846058928226021817e+05,1.039254613946311874e+06,1.204856454470549012e+06,3.822386967807878554e+07,1.360388519640877494e+05,-1.891545834337172273e+05,4.925384218944267923e+04,1.225865899369508588e+04,-7.103381587736663505e+01,2.347421354515762505e+04,5.743630280737027526e+07,2.903322247830269393e+06,1.214042266749147166e+04,-1.013690340434002457e+06,8.684130198325293604e+05,-6.095589320625157370e+01,-1.920609898093574520e+04,1.126614258255353663e+06,-9.571491630044721533e+05,-8.331596372711328790e+06,4.633237721921203285e+07,2.040726986512637950e+03,1.348930561007834876e+04,7.378515064645682287e+03,-5.060697476863504562e+04,-7.555453402346591651e+07,-2.701131191872036457e+07
3.110383856317695972e+04,-1.119545067726473644e+04,2.376553789682085699e+04,1.242562848852411407e+05,1.220732567676053293e+01,-1.895488598238955819e+04,-3.172463933238630998e+05,-1.723177888755422027e+05,3.799601768596315378e+04,2.338781193854829326e+04,-9.443968488428452110e+04,6.504190392995681691e+01,3.139901505041515520e+03,-1.554414162233475654e+05,-1.318430565709327057e+05,-2.117361412306698621e+05,1.265164919469997549e+05,-1.369977539082700105e+03,2.845810644490990398e+03,4.939774286773866625e+05,-1.919390633168861677e+05,2.645902572135787341e+05,-3.864918926027123351e+06,-4.180898281090763048e+05,1.916317842019981181e+05,-2.565782855439721243e+04,-1.275486110657207028e+05,-2.269012493147474885e+01,4.365075568297011159e+03,2.903322247789603658e+06,8.264398274479825981e+06,1.717956493165325810e+03,4.829995463141510845e+05,2.780734683348810766e+06,1.734288534488423750e+02,1.297769594222435626e+04,1.526792085275218960e+04,-4.170223018870119005e+06,-3.568419077938563656e+06,1.543975862936598435e+07,-1.650878938321199882e+02,-6.340371954637273120e+03,-1.934888311714678421e+05,6.989689497838389070e+04,-2.052644014062945172e+07,-4.574787168910929002e+06
-1.212301455365935432e+01,-8.910798170231169024e+01,4.530346708281784345e+02,2.471956733831238182e+02,8.959381261724053136e-02,3.881873853827746501e+01,-2.137643215449004492e+04,2.856964774255699467e+03,-2.396835181057153022e+03,1.538926446967137807e+01,-1.125194611434705365e+02,1.639672632327343615e-01,4.949403566246462560e+01,1.402556158598888487e+02,-6.379255980443217595e+02,1.655007435123197638e+03,-2.535381261260138672e+03,-2.435049263964106103e+01,-2.899810130462135760e+00,-9.396660629496170714e+02,7.690538332653380849e+02,9.151794015622519510e+03,-1.046927858876394203e+04,-3.017116033055839353e+02,7.610527283396979215e+01,-2.247313489759572747e+02,-1.872866162825753023e+01,-1.458994389941396796e-01,-3.006631503712426934e+02,1.214042266748100883e+04,1.717956493176815684e+03,2.820151559703119801e+03,6.918685165887892481e+02,2.197647488019687898e+03,4.391770091273593524e-01,5.831461961789254467e+00,-2.183916127681487467e+02,-3.501841373920834485e+03,5.955807309806236844e+02,-2.489847968857355227e+03,3.730791304413063170e+00,2.154721327614304460e+00,1.619974752032234449e+02,-3.948115951577672700e+00,-1.032065021726586019e+04,3.363844336967205436e+03
3.803104680076427485e+03,-1.560663354772916819e+03,1.075787614136161892e+03,7.685971604585151908e+03,2.016766889992229195e-01,8.590180105442136664e+02,3.265400969486609683e+05,-7.474408403328253189e+04,-2.820747849745183430e+03,-3.376493328697144989e+03,2.358357445600822757e+04,1.028632030883353643e+01,9.079764172300240261e+02,2.583885327854131174e+04,-3.287557281536174560e+04,1.809395667774906906e+04,-3.297079532370077504e+04,-1.855203936574058616e+02,1.938514640226587460e+02,5.270575585388952459e+04,-3.762123282751139777e+04,-1.136874495707962487e+05,-1.290147849161712918e+06,-6.754827841718855780e+04,3.597350905504164257e+04,-3.767762496243924033e+03,2.802888916952051295e+04,-7.662034278981165514e+00,-1.763572810031757854e+03,-1.013690340432161116e+06,4.829995463140772190e+05,6.918685165884407979e+02,2.130667602156896610e+05,-4.221125524789233168e+04,5.171252148563089435e+01,7.196710021101736174e+02,-1.316577232970113109e+05,-1.590747900995757664e+05,-1.063234829573781026e+05,-1.229357122354830244e+04,-3.173553906569685523e+02,-6.154697291257616598e+02,1.212738041797794540e+04,-6.516337381705519874e+03,3.191335147991307313e+05,3.833540266200836631e+05
5.542748415823068171e+03,-4.420835206518817358e+03,8.631347996856216923e+03,3.237688783590714957e+04,5.046380777404908535e-01,-7.412746012673659607e+03,-5.481982023994395277e+05,3.981327382564974687e+04,-1.354731127977429196e+03,7.458381755692091247e+03,-3.157919985751822605e+04,4.395639948492189575e+01,3.640919222472768070e+03,-3.869559092016474460e+04,-2.156758188619798602e+04,-3.233138928355535973e+04,6.083166147364024073e+04,-6.194331544541611265e+02,8.595739041305358796e+02,3.555103779495777417e+04,8.704937643347239646e+04,1.589842938903554459e+05,-1.376998143021036405e+06,-1.227739511158345558e+05,5.998825980421015993e+04,-1.188545413392546834e+04,-1.737824987986308697e+05,1.036886751899804793e+01,-1.447044876454321184e+03,8.684130198034050409e+05,2.780734683347187936e+06,2.197647488014142709e+03,-4.221125524756404047e+04,1.744020875215623993e+06,-1.354204756723320813e+01,5.125178766981947774e+03,1.017345442593837070e+05,-2.035697707791857887e+06,-6.816977453044541180e+05,4.295678873443651944e+06,1.194338768448945984e+03,-2.274153551633562984e+03,-1.620285335243464506e+05,3.602915104762975534e+04,-6.375013500381685793e+06,-1.375318285269714426e+06
1.019541188264428688e-01,1.966423625929152985e+00,1.799597050414230903e+00,-7.460536474709591470e-01,-5.250561079148752253e-02,9.188983618870216752e-01,9.423132888856024181e+01,-4.217167250878427609e+01,1.575234841162967969e+00,3.094149294526437055e-01,-2.252482901998886344e+00,-3.964137613091948675e-01,-1.893716632699822544e-01,1.816269451761126419e+01,7.642526590304439260e+00,-1.074484140371404273e+01,-1.536351447065001175e+01,1.890477697965753656e-01,-4.293272042616942952e-01,-5.272584781776333829e-01,1.385539254725467373e+01,-5.301315807658737445e-01,1.718293696041206147e+02,-2.086732520527526802e+01,1.102195583249124589e+01,-2.567195859979658490e+00,9.246400889253257205e+00,-7.104470055538950057e-03,-9.371815131903934448e-01,-6.095589320099827546e+01,1.734288534499747243e+02,4.391770091295182921e-01,5.171252148558076556e+01,-1.354204756676502974e+01,1.523552846266695848e+00,-1.630419517757058845e+00,-4.595727327548975438e+01,-3.570443070145195463e+01,-5.746353907491163682e+01,3.912689607535731398e+02,6.564897973965497791e-01,-7.004642366634180606e-01,1.271441761037077400e+00,-5.141442303613451337e+00,-3.800200226656374980e+02,-2.260649863004479414e+02
-3.844982742486504179e+01,2.907286886985605179e+01,1.052842000709045180e+02,5.391896651450958871e+02,7.505493515529088402e-03,-1.013450725631650613e+02,1.548638452117619181e+03,1.028934873036063664e+03,-4.340668172543810783e+02,2.878968371355041356e+01,-4.110100709497228877e+02,3.040739211654163721e-01,-2.507258404610106197e+02,1.592758518873150422e+02,-2.735596353198487805e+02,-1.153625843506064257e+03,2.798136989509430350e+02,-7.933766125850477913e+00,7.360374949039911741e+00,5.102433621837723763e+02,9.100958582548447566e+02,2.650724339807438355e+03,9.514197952263633852e+03,-1.097313315506364916e+03,6.762854771175009319e+02,-1.461516431537555718e+02,-1.070718386116229937e+02,-5.180012629656031153e-01,5.166348448591904230e+00,-1.920609898112699375e+04,1.297769594218825659e+04,5.831461961737596233e+00,7.196710021123872139e+02,5.125178766967940646e+03,-1.630419517756446002e+00,5.630774923266102405e+02,-4.564956762625396181e+00,-7.213459877384547326e+03,-6.032423918164729002e+03,2.921843502029405136e+04,-8.604381584034904051e+00,-3.342023632975902103e+00,-1.220560067391222219e+03,2.551356855045754912e+02,-1.644450281314503809e+04,-1.490307153224773538e+04
2.176436000949893810e+02,-7.611594636523675490e+02,9.671045993882428320e+02,8.357892698662912153e+03,1.354877070995333055e+00,-2.658397305132748897e+03,-2.877348078901796835e+05,8.440955534001595515e+04,-4.573206185869758883e+03,-3.642681550916832975e+02,-2.556890580854597647e+04,3.694297941955841047e+00,-6.781428878731234136e+02,-5.049908584855138179e+04,2.625017496171429343e+02,-1.251949263527640323e+04,3.600432508107506146e+04,-3.560668584818422033e+01,8.156060984746541465e+01,-1.800626648356104852e+04,1.870732826036566257e+04,9.613135686953736877e+04,5.012720623604706489e+05,2.484884083107627885e+04,-1.993051590475819467e+04,3.694341254643913544e+03,-1.636297808068927225e+04,2.050282645644214252e+00,1.863187698210736698e+03,1.126614258253849577e+06,1.526792085341411257e+04,-2.183916127679166550e+02,-1.316577232970286277e+05,1.017345442599732487e+05,-4.595727327559040987e+01,-4.564956758344994370e+00,1.335566962185229931e+05,-3.375868963284572237e+04,-8.765386376012036635e+04,6.853719870750536211e+05,3.590314585291397265e+01,3.166997691626250457e+02,-1.368475978290758030e+04,9.396826844865081512e+03,-1.362837783510551555e+06,-4.191650833461151342e+05
-1.324108071483917047e+04,7.490539448390321013e+03,-1.386535809279247223e+04,-5.946882549157312314e+04,-4.512147325298732525e+00,9.922382075502366206e+03,5.141663980144522502e+05,-8.798343483859149273e+03,-4.195971519029230876e+03,-1.127466324869900382e+04,3.258074691775649990e+04,-6.147799849467568833e+01,-4.479820850830077688e+03,5.900336757279116136e+04,6.757950798052067694e+04,3.183364033701449443e+04,-6.366343605565098551e+04,1.105575147373951950e+03,-1.413818108338454294e+03,-1.325362414954012784e+05,-3.224827042551339036e+04,-1.535062586350252095e+05,3.352000211483398918e+06,2.192704885967017035e+05,-1.047294992607352615e+05,1.708446573448698109e+04,1.568985882748514705e+05,3.448686586500756324e+00,2.083711934226430458e+03,-9.571491629735016031e+05,-4.170223018869281281e+06,-3.501841373914199721e+03,-1.590747900998848781e+05,-2.035697707792227622e+06,-3.570443070082973236e+01,-7.213459877403089195e+03,-3.375868963223901665e+04,2.669376017714510672e+06,1.156520692969047697e+06,-6.116884889266514219e+06,-9.424390715393806204e+02,3.442868112636604110e+03,1.774227486883231322e+05,-4.090061843019873777e+04,9.090352231393840164e+06,1.519750033837802475e+06
-4.893344751921451461e+03,-1.293112926834994596e+03,-5.360267154185815343e+03,-7.210157403966759739e+04,-1.427008471418090174e+01,3.435107053629046732e+03,-2.211572372480000486e+05,1.518635410537501448e+05,-1.595348378914064415e+04,-7.492692511567137444e+03,3.826782849684760004e+04,-1.045851765029475473e+02,1.006637591016427677e+03,2.618679211693762409e+04,9.406702277101903746e+04,4.925846969543212908e+05,-2.054388146475778922e+04,8.480936363999851437e+02,-1.942262101616113341e+02,-4.668274037699459586e+05,2.937117379361335770e+05,-4.172484094120578811e+04,-1.628426946088993363e+07,1.349188405293026299e+05,-5.034216304365493124e+04,1.804740544244045168e+03,2.650606165161056197e+03,1.945538639586984431e+01,-5.100115456052504669e+03,-8.331596372693280689e+06,-3.568419077937243041e+06,5.955807309971331733e+02,-1.063234829568584682e+05,-6.816977453057117527e+05,-5.746353907439681308e+01,-6.032423918207282441e+03,-8.765386375994524860e+04,1.156520692968956660e+06,7.140937980025973171e+06,-2.194675590073031932e+07,1.881493525476966397e+03,2.297124125897771137e+03,-4.784148086042292998e+05,4.493785437032811024e+04,2.102751841221446916e+07,9.996945699331237003e+06
4.506039396847452008e+04,-6.545708492883833060e+03,3.520861101604862779e+04,3.078079074497090769e+05,6.213068717683262321e+01,-2.351994242433102772e+04,6.054390931440905842e+04,-3.447281743301062961e+05,2.146917315348695774e+04,7.403243822729488602e+04,-2.025386906745278975e+05,6.715580864930153382e+01,-2.472619461783663792e+04,-2.668307596854986041e+05,-3.421861065757748438e+05,-2.152432506464784499e+06,2.936485292146016145e+05,-3.512943665914305257e+03,3.998990575804905347e+03,5.587343523033055244e+05,6.745288802271429449e+05,6.113412801778558642e+05,8.088874862567573786e+07,-5.336330145358039299e+05,1.826655477421272371e+05,-1.778434355133689678e+04,-1.640604148997748853e+05,-9.507037085282004085e+00,1.249267582872493585e+04,4.633237721905250847e+07,1.543975862936368957e+07,-2.489847968909591600e+03,-1.229357122464181339e+04,4.295678873456289992e+06,3.912689607490548269e+02,2.921843502048937444e+04,6.853719870731381234e+05,-6.116884889274427667e+06,-2.194675590070590004e+07,9.213571337341004610e+07,1.445918884860846561e+02,-7.083406076151826483e+02,2.522634665880741959e+05,-3.459642061769862630e+04,-1.017480133447128832e+08,-5.201617820437763631e+07
2.066865152960898122e+00,-8.383013912396187095e+00,-2.017089317021426353e+01,-1.299978868602960880e+01,-1.329202070884168141e-01,1.080889321435108563e+01,-1.059009774309346085e+03,1.160481775601539454e+02,1.212549089669290368e+02,5.048483535799049093e+01,3.174798643215665450e+01,-1.194296142380471437e+00,-5.429686919090279673e+00,2.192655398508623534e+02,-1.440549471278585614e+01,-1.831024521521593726e+02,1.902812583215578854e+02,-1.129348964632116648e+01,1.376152519633808424e+01,-7.165428135260511908e+02,8.240803599377053388e+02,8.048065504208352650e+01,9.564929356504459065e+03,4.337136266398114515e+01,9.239870993423826562e+00,-5.718405808564232728e+01,-1.694037643963526989e+02,1.003933116553047851e-02,-1.331928823511305637e+01,2.040726986460534135e+03,-1.650878938387032235e+02,3.730791304409604159e+00,-3.173553906561931512e+02,1.194338768447503980e+03,6.564897973959706867e-01,-8.604381584034964447e+00,3.590314585186273177e+01,-9.424390715374394176e+02,1.881493525490897355e+03,1.445918884224479370e+02,5.453807674787631044e+01,-2.216057521639086403e+01,-2.253843915397290800e+02,-7.891689686002229109e+01,-2.081279000179813920e+03,-3.348019908314226996e+03
-1.717459978119995156e+01,3.189743829279940712e+00,1.424417973709215346e+01,-8.684590803897762612e+01,-5.267265268683900270e-02,-6.428855763320164840e+00,6.399724724194530836e+02,3.140009603194304759e+02,-1.900077041810572780e+02,1.485113613579359360e+01,5.361147888350023649e+00,-7.390821545360063416e-01,-1.484924181200901527e+00,-2.692416163862541794e+02,2.150290028345960422e+02,-9.155465945753713086e+00,-2.251593469438478792e+02,-2.122297856195540788e+00,-2.082200195384601571e+01,-7.951795632290087212e+01,3.074392145706427186e+02,-2.184433837876941311e+02,7.476750698620739968e+03,4.369000852679218951e+02,-3.369825402069464531e+02,9.499307501882843496e+01,9.795018995996606748e+01,3.254140795343943987e-02,-2.528432452272704190e+00,1.348930561011059217e+04,-6.340371954622710291e+03,2.154721327637346029e+00,-6.154697291263826173e+02,-2.274153551623889143e+03,-7.004642366640413398e-01,-3.342023632957574542e+00,3.166997691637635057e+02,3.442868112625238155e+03,2.297124125897714748e+03,-7.083406075866151923e+02,-2.216057521638063932e+01,8.638721753220856669e+01,-3.717479901789118344e+02,5.225025394960915293e+01,-3.775190740588046992e+03,-5.394124957245750920e+03
-1.858727947072405186e+03,1.080945642456281348e+03,-1.337978596502730397e+03,-2.397352378387786587e+00,2.258657854020194311e-01,8.447190759451571012e+02,7.164853326966988971e+04,-2.924680155160362119e+04,3.730121246213574977e+03,-1.581335565548889690e+03,2.169885275770458065e+03,1.331239527497429798e+01,6.299931813265787923e+02,1.686498546580953553e+04,-3.424410458216916140e+03,6.105585611886045626e+03,-1.008246773143402970e+04,3.318712316434636733e+01,9.717233635641539991e+01,-3.676511510202944191e+04,-8.262962989093546639e+03,-2.067333465881712618e+04,7.641496508523272350e+05,6.137886665353751596e+03,-2.529560538741752680e+03,1.771395552917871328e+02,1.859066464706986881e+04,-3.545611633408459085e+00,6.209532214159958130e+02,7.378515068402488396e+03,-1.934888311716983153e+05,1.619974752023116196e+02,1.212738041792423792e+04,-1.620285335246805043e+05,1.271441761113905722e+00,-1.220560067391141502e+03,-1.368475978285284509e+04,1.774227486887140840e+05,-4.784148086049953126e+05,2.522634665926235029e+05,-2.253843915396144553e+02,-3.717479901772543371e+02,1.571286080473354959e+05,-3.762426267995538365e+04,2.691461277864684816e+05,2.202651223126845143e+05
5.146197636129645616e+02,-1.575631297190729754e+02,4.856460388335571565e+02,1.571137380005374780e+03,-2.133739780503144112e-01,-1.915903779812225025e+02,-3.302517387832576787e+04,9.126284727444199234e+03,6.938075222338788706e+01,5.590251038078444026e+02,-2.193962257649790899e+03,7.498113631762473030e-01,5.837594371083066136e+01,-8.514393879048087911e+03,-1.396780353793737504e+03,-3.487171742770721266e+03,3.227300884321260128e+03,-4.765812190605316090e+01,-1.508993881013133205e+02,4.255285526659483730e+04,-3.515659699917252146e+04,9.589823830507457387e+03,-5.185187517524757423e+05,2.012822065295448226e+02,-1.118955350108068387e+03,6.190392910560350401e+02,-4.744114114691162285e+03,7.884041982563180229e-01,2.354265928588363721e+01,-5.060697476828287472e+04,6.989689497861366544e+04,-3.948115951395866130e+00,-6.516337381713740797e+03,3.602915104774967040e+04,-5.141442303615745502e+00,2.551356855047461352e+02,9.396826844877077747e+03,-4.090061843033909827e+04,4.493785437005318818e+04,-3.459642061687371461e+04,-7.891689686003041970e+01,5.225025394937665624e+01,-3.762426267994051159e+04,1.675722679757362494e+04,-4.372968315497035655e+04,5.809435880311332585e+04
-6.276420597574485146e+04,1.251125418600095509e+04,-5.991738189598957979e+04,-6.209579330360870808e+05,-1.461777333797354856e+02,3.333882190448735491e+04,2.511170290951663628e+06,4.894127807456777082e+05,-2.796280123264034773e+04,-1.682499527186975756e+05,4.786817428276148858e+05,-1.617498756894215006e+01,1.321883813177531192e+04,6.606818369792361045e+05,6.721015738010725472e+05,1.935133657550471369e+06,-4.953695898516485468e+05,9.247430748662342012e+03,-5.689442359904194745e+03,-2.485778992524207279e+05,-1.119745950136770029e+06,-1.752131605459918967e+06,-6.454322071103951335e+07,6.592175907123574289e+05,-1.615011399834040785e+05,-1.803470697675880501e+03,2.239756336520493787e+05,7.415613049757885733e+01,-3.482263251380964357e+04,-7.555453402333690226e+07,-2.052644014066458866e+07,-1.032065021723953032e+04,3.191335148011078127e+05,-6.375013500415704213e+06,-3.800200226573057876e+02,-1.644450281344784162e+04,-1.362837783510118257e+06,9.090352231426436454e+06,2.102751841221952066e+07,-1.017480133448490202e+08,-2.081279000262767113e+03,-3.775190740526099944e+03,2.691461277915952378e+05,-4.372968315402571170e+04,1.399074372106339037e+08,5.323877249652107060e+07
-1.989074502282625690e+04,3.325268457053409747e+03,-1.018656135196554533e+04,-6.235120207073024358e+04,-1.734600553228969488e+01,8.459104949068307178e+03,-3.218541682209875435e+05,-1.005240833138340095e+05,4.048259807942772750e+04,-2.170468619120040603e+04,2.299093829163140617e+04,1.226139448496737288e+02,2.978867112409103720e+04,5.579670450037042610e+04,7.074148504120396683e+04,1.387291954610772664e+06,-1.670751349669869232e+05,1.867291016458766535e+02,-2.647333252936260578e+03,5.491827993777780794e+05,-1.366568730310688028e+06,-1.850424671815103211e+05,-6.967644162065838277e+07,8.271781565202299680e+04,-1.081117196131237324e+04,9.370615998131012020e+03,8.359479883967876958e+04,-3.080763586728719616e+01,4.456345201584275856e+03,-2.701131191858582571e+07,-4.574787168899358250e+06,3.363844336996549373e+03,3.833540266200845945e+05,-1.375318285274191294e+06,-2.260649862980460796e+02,-1.490307153233805002e+04,-4.191650833441615687e+05,1.519750033838895848e+06,9.996945699293682352e+06,-5.201617820428943634e+07,-3.348019908351030608e+03,-5.394124957231749249e+03,2.202651223163975228e+05,5.809435880337475828e+04,5.323877249635370076e+07,3.754116245825736970e+07
